guid,entry_status,major,in_school_earning,fin_aid_0,fin_aid_3000,fin_aid_10000,,,,,Fin Aid $0,"Fin Aid $3,000","Fin Aid $10,000"
8cb49c50-61d4-4c8b-ae69-f4bec32b40db,FTF,Accounting,0,16.65962305,19.54341788,29.25716868,,,,,0.1665962305,0.1954341788,0.2925716868
f31c5c8a-c332-4d2f-8ffa-778fa8e08a93,FTF,Accounting,4500,21.19879868,25.10956005,40.85082826,,,,,0.2119879868,0.2510956005,0.4085082826
eb68ca3f-48f7-4280-9887-aaeb51d2bffc,FTF,Accounting,10500,30.22420012,37.53984347,81.7440972,,,,,0.3022420012,0.3753984347,0.817440972
51c7b625-5b23-4444-a44a-e849a1ca0a71,FTF,Advertising,0,9.864830665,12.11833592,20.03008071,,,,,0.09864830665,0.1211833592,0.2003008071
7f114875-2c7b-46ce-8244-e8f6f7414100,FTF,Advertising,4500,13.42861502,16.58450959,30.15917487,,,,,0.1342861502,0.1658450959,0.3015917487
723bb244-8c73-4a98-80b7-839215ab4fe7,FTF,Advertising,10500,20.84774913,27.19614681,72.44765722,,,,,0.2084774913,0.2719614681,0.7244765722
d019a8e7-0d9d-4769-b361-fc681e6398c3,FTF,Aerospace Engineering,0,19.9660269,23.22893961,34.59283628,,,,,0.199660269,0.2322893961,0.3459283628
e2f95087-5794-468d-9e99-028ed2d052ca,FTF,Aerospace Engineering,4500,25.11981945,29.65300123,49.61621467,,,,,0.2511981945,0.2965300123,0.4961621467
eb9ea54a-d90d-4ec2-97e3-ffc708c80e39,FTF,Aerospace Engineering,10500,35.76906699,45.07882267,107.1580344,,,,,0.3576906699,0.4507882267,1.071580344
ac0171cc-db65-4a6e-81a2-bbee7fa71fd7,FTF,African-American Studies,0,NA,NA,NA,,,,,NA,NA,NA
98d7a75c-2dc4-46e0-8e6d-73b4afd97a52,FTF,African-American Studies,4500,NA,NA,NA,,,,,NA,NA,NA
1c3d1d75-b169-4396-acce-782c2a8ed3da,FTF,African-American Studies,10500,NA,NA,NA,,,,,NA,NA,NA
75943e69-9cfd-47b8-8ca0-c5c4dc7bd7e2,FTF,Agricultural Biology and Plant & Irrigation Science,0,13.73541583,16.77205341,28.37606481,,,,,0.1373541583,0.1677205341,0.2837606481
79b83f66-ae26-4929-9973-80ed2105e78c,FTF,Agricultural Biology and Plant & Irrigation Science,4500,18.58117815,23.09392402,50.48204502,,,,,0.1858117815,0.2309392402,0.5048204502
47b89571-80e9-4166-a3df-584a96de2f63,FTF,Agricultural Biology and Plant & Irrigation Science,10500,29.7079995,42.03394344,76.79492217,,,,,0.297079995,0.4203394344,0.7679492217
e212796d-3bce-4282-a2cf-d00ec59ec602,FTF,Agricultural Business,0,12.10192496,14.59851515,23.52283788,,,,,0.1210192496,0.1459851515,0.2352283788
6415efcc-3df7-4730-9931-c744b1830182,FTF,Agricultural Business,4500,16.05642868,19.59355938,36.01930936,,,,,0.1605642868,0.1959355938,0.3601930936
7ce19611-fe7a-4572-96e2-bb12e90bee6c,FTF,Agricultural Business,10500,24.4705886,32.14960843,92.61225086,,,,,0.244705886,0.3214960843,0.9261225086
9c621de0-fbf7-4537-a206-4833be87d11c,FTF,Agriculture/Agricultural Science & Horticulture,0,8.957902155,11.09433739,18.61194412,,,,,0.08957902155,0.1109433739,0.1861194412
b8638e59-0b5a-44fe-a430-3e6f37fbe4df,FTF,Agriculture/Agricultural Science & Horticulture,4500,12.33749097,15.33648375,28.0181607,,,,,0.1233749097,0.1533648375,0.280181607
efeeae9c-da6a-4152-957f-7474b11f3c1a,FTF,Agriculture/Agricultural Science & Horticulture,10500,19.38741348,25.32852066,59.78483552,,,,,0.1938741348,0.2532852066,0.5978483552
3a944182-fdbb-4873-8d52-329e584bd4b1,FTF,American Studies,0,8.130901896,10.11730759,17.41250401,,,,,0.08130901896,0.1011730759,0.1741250401
0757f382-d17b-4e53-8106-5422cab0ac68,FTF,American Studies,4500,11.27936687,14.13394549,29.39301689,,,,,0.1127936687,0.1413394549,0.2939301689
33c80a41-ae43-4366-9351-4e5113cbbed6,FTF,American Studies,10500,18.22692079,25.32227316,67.78413278,,,,,0.1822692079,0.2532227316,0.6778413278
a7bcb17f-ad7d-4021-b8ee-b5657f14df7d,FTF,Animal Science/Animal Health Science,0,6.782876509,8.573567303,14.91218382,,,,,0.06782876509,0.08573567303,0.1491218382
e5a1bcb9-d239-4e26-a123-6fad0b136284,FTF,Animal Science/Animal Health Science,4500,9.608641399,12.11212271,24.02907457,,,,,0.09608641399,0.1211212271,0.2402907457
e6abb63c-34c5-46b6-bbb0-8e9255aac2fc,FTF,Animal Science/Animal Health Science,10500,15.59321899,21.18866153,66.32593458,,,,,0.1559321899,0.2118866153,0.6632593458
ae23da57-12ad-42bc-9498-61698d4fbdf4,FTF,Anthropology,0,5.629308032,7.204955225,12.55264976,,,,,0.05629308032,0.07204955225,0.1255264976
90ea8a9a-c57b-4b73-8ce8-06d229f4d2c8,FTF,Anthropology,4500,8.100780468,10.22711397,20.07720004,,,,,0.08100780468,0.1022711397,0.2007720004
6b706609-3f36-46be-97ed-4ea5798d3ffb,FTF,Anthropology,10500,13.11261435,17.70203747,65.31903137,,,,,0.1311261435,0.1770203747,0.6531903137
68b22b73-d05e-40d8-af48-14222bddcec9,FTF,Apparel Merchandising and Management,0,9.156067533,11.55550045,21.1684001,,,,,0.09156067533,0.1155550045,0.211684001
d7e1bd43-cbe2-4e2b-b895-cd409024ec1a,FTF,Apparel Merchandising and Management,4500,13.00508365,16.70621244,38.43638627,,,,,0.1300508365,0.1670621244,0.3843638627
e7c4fdf2-94b1-4c7b-8a65-77b0efc40f5e,FTF,Apparel Merchandising and Management,10500,22.30428526,32.47300639,116.5696624,,,,,0.2230428526,0.3247300639,1.165696624
84db8a66-ebe9-4c4f-963b-dcfb95ed834e,FTF,Applied Mathematics,0,8.524181915,10.45762535,16.85193774,,,,,0.08524181915,0.1045762535,0.1685193774
dc23f771-3af0-4077-acb2-f39986b98fe3,FTF,Applied Mathematics,4500,11.55882485,14.14263546,24.06195997,,,,,0.1155882485,0.1414263546,0.2406195997
937a78e0-d44c-4d9b-a7d0-80cba00d86a9,FTF,Applied Mathematics,10500,17.4771855,22.08023749,45.86668457,,,,,0.174771855,0.2208023749,0.4586668457
9500ce21-65e2-4865-9471-ba010d4d978c,FTF,Applied Physics,0,8.950509831,11.04586095,18.50090359,,,,,0.08950509831,0.1104586095,0.1850090359
b0d7a1b4-7143-4d4d-8fba-8a98b8ecb146,FTF,Applied Physics,4500,12.26517814,15.21980015,28.79372602,,,,,0.1226517814,0.1521980015,0.2879372602
697d0084-2a97-448f-b5d0-639e0e4503f2,FTF,Applied Physics,10500,19.29156014,25.65060387,72.20366028,,,,,0.1929156014,0.2565060387,0.7220366028
08aa4568-d59b-493a-a3b2-d2227c0c5481,FTF,Architecture,0,11.9499731,14.41826038,22.8396096,,,,,0.119499731,0.1441826038,0.228396096
65d71e20-5826-4a7b-b9a1-b9b01fc5c77f,FTF,Architecture,4500,15.84324255,19.23019197,32.8366686,,,,,0.1584324255,0.1923019197,0.328366686
b3038f0a-b1b2-48db-b792-9ba0debf529f,FTF,Architecture,10500,23.68136758,30.01214579,59.984947,,,,,0.2368136758,0.3001214579,0.59984947
3fda5344-93bc-4231-a3f9-5d59169f0b17,FTF,Art,0,6.994742351,8.819296413,15.35253088,,,,,0.06994742351,0.08819296413,0.1535253088
d525ac76-7563-49a2-a9fb-e7461351cf0f,FTF,Art,4500,9.877233312,12.4484039,25.2579996,,,,,0.09877233312,0.124484039,0.252579996
0becba9d-73ed-477c-a90f-ff748ad3a1f2,FTF,Art,10500,16.06497169,22.0624216,71.74652912,,,,,0.1606497169,0.220624216,0.7174652912
0f70d0b3-a0d0-42d6-9058-a253174eeb04,FTF,Art History,0,NA,NA,NA,,,,,NA,NA,NA
8c5f4bed-5205-4ab9-a302-cc46d7c11e1d,FTF,Art History,4500,NA,NA,NA,,,,,NA,NA,NA
817a9118-739f-47bb-a97b-92631ed6d94a,FTF,Art History,10500,NA,NA,NA,,,,,NA,NA,NA
c23aaeb1-5071-4471-bf02-c67ee1935dd7,FTF,Asian/Asian-American Studies,0,6.412277116,7.899652714,12.43407737,,,,,0.06412277116,0.07899652714,0.1243407737
74edcb0c-1f85-45d1-9464-705b06900385,FTF,Asian/Asian-American Studies,4500,8.720360901,10.57746039,17.02471443,,,,,0.08720360901,0.1057746039,0.1702471443
33c2f827-ef86-44a2-9ea6-547513a3d2a7,FTF,Asian/Asian-American Studies,10500,12.85098077,15.80676184,30.54318074,,,,,0.1285098077,0.1580676184,0.3054318074
d2f84479-e838-4fba-b9a5-f89a35f77a03,FTF,Asian/East Asian Studies,0,9.242526056,11.42465681,19.3188293,,,,,0.09242526056,0.1142465681,0.193188293
f27c526f-5af3-40cc-8523-b6267dab25eb,FTF,Asian/East Asian Studies,4500,12.7021252,15.82038734,30.52262388,,,,,0.127021252,0.1582038734,0.3052262388
4f80e04b-db2f-401b-a7a1-363de904546b,FTF,Asian/East Asian Studies,10500,20.16716904,27.06326775,80.42777412,,,,,0.2016716904,0.2706326775,0.8042777412
830016e6-33d5-4bc8-93c4-017e81548037,FTF,Athletic Training,0,9.000309821,11.19873928,19.69053112,,,,,0.09000309821,0.1119873928,0.1969053112
9c2238c1-1471-4d96-af1f-c030f7dc0284,FTF,Athletic Training,4500,12.50495574,15.78313557,36.63290827,,,,,0.1250495574,0.1578313557,0.3663290827
718e492d-36cd-4ed4-b91a-b85dcb547f7a,FTF,Athletic Training,10500,20.68951421,30.12866872,145.0054009,,,,,0.2068951421,0.3012866872,1.450054009
3c142f1f-540b-4437-aecc-e68702c6adf3,FTF,Aviation,0,NA,NA,NA,,,,,NA,NA,NA
ab28783c-a40a-421e-92d0-0ab2367adca3,FTF,Aviation,4500,NA,NA,NA,,,,,NA,NA,NA
9c80b976-ebb2-4e16-a973-9dc2cf082079,FTF,Aviation,10500,NA,NA,NA,,,,,NA,NA,NA
bf2a04ca-f533-4927-b91a-6521906953a2,FTF,Behavioral Science,0,6.657777608,8.205167583,12.90825121,,,,,0.06657777608,0.08205167583,0.1290825121
3a0fdd16-ca8b-4dcf-bc49-c1183600c054,FTF,Behavioral Science,4500,9.059203311,10.98889909,17.56468581,,,,,0.09059203311,0.1098889909,0.1756468581
61dd922d-0294-4d8f-b0f8-518c36541496,FTF,Behavioral Science,10500,13.33711152,16.34540288,30.00137358,,,,,0.1333711152,0.1634540288,0.3000137358
645309e6-7d31-4532-9560-ed18b06e1775,FTF,Biochemistry,0,8.765889958,11.00764488,19.67305098,,,,,0.08765889958,0.1100764488,0.1967305098
9a1ab5bf-00d2-46c7-b27e-870ba5e95793,FTF,Biochemistry,4500,12.34366137,15.70034223,34.97051376,,,,,0.1234366137,0.1570034223,0.3497051376
3d64a7b7-a178-482b-bf07-f8a5c1ea441e,FTF,Biochemistry,10500,20.67673994,29.65058128,158.803914,,,,,0.2067673994,0.2965058128,1.58803914
fd1c6ded-6e83-463b-b578-c44b55ad762c,FTF,Biology,0,10.11084259,12.34182776,20.45012872,,,,,0.1011084259,0.1234182776,0.2045012872
873a9bcb-bdeb-4585-b557-3e27ac34ac6c,FTF,Biology,4500,13.64772384,16.84012148,32.75633487,,,,,0.1364772384,0.1684012148,0.3275633487
f3f36af1-350a-4abe-8bcb-6cda837fdfbd,FTF,Biology,10500,21.33409644,28.76197841,98.47776773,,,,,0.2133409644,0.2876197841,0.9847776773
4f91561a-0392-449f-bad6-4a140629aacb,FTF,Biomedical Engineering,0,9.998979657,12.50824536,22.68850762,,,,,0.09998979657,0.1250824536,0.2268850762
14ad7cb0-4db8-4866-be6b-b993d9d602fd,FTF,Biomedical Engineering,4500,14.02711689,17.92183739,43.89102702,,,,,0.1402711689,0.1792183739,0.4389102702
ee8eaa1b-28c8-4382-bd36-ae4e0d88efaa,FTF,Biomedical Engineering,10500,23.92345531,35.75296197,86.12490368,,,,,0.2392345531,0.3575296197,0.8612490368
ae89e0c1-5597-48fe-8087-9f9f56153477,FTF,Biomedical Physics,0,NA,NA,NA,,,,,NA,NA,NA
0720184f-ced0-463f-81d0-4e167a3d1205,FTF,Biomedical Physics,4500,NA,NA,NA,,,,,NA,NA,NA
fca3c29a-317c-4945-898e-3610cc6d1834,FTF,Biomedical Physics,10500,NA,NA,NA,,,,,NA,NA,NA
adc7f8c2-5746-418f-942f-9207a5503537,FTF,Biotechnology,0,NA,NA,NA,,,,,NA,NA,NA
8c8e09fa-ef6f-4525-a118-40b05fe48b24,FTF,Biotechnology,4500,NA,NA,NA,,,,,NA,NA,NA
d76b938c-5520-4007-9097-57d8a5d91d7a,FTF,Biotechnology,10500,NA,NA,NA,,,,,NA,NA,NA
83161385-34dc-4114-9834-3a890ed8794f,FTF,Botany,0,9.244694613,11.43283945,19.37439569,,,,,0.09244694613,0.1143283945,0.1937439569
1b9ba4b3-5179-4c1f-a0ac-910a86c9ee29,FTF,Botany,4500,12.71507241,15.84944115,30.73098727,,,,,0.1271507241,0.1584944115,0.3073098727
53c26022-af5b-4cc0-8764-1598caa9e5b3,FTF,Botany,10500,20.23060184,27.21275427,82.28572458,,,,,0.2023060184,0.2721275427,0.8228572458
fd5d9d7c-0baf-4d94-9e50-7a90f0f435db,FTF,Business Administration,0,9.617828914,11.73169032,18.88017293,,,,,0.09617828914,0.1173169032,0.1888017293
28c3061a-dce9-4a0c-ba63-7dd5c88b3355,FTF,Business Administration,4500,12.94546714,15.82091074,27.33255476,,,,,0.1294546714,0.1582091074,0.2733255476
774cc0fa-badb-4380-9812-44cd43789b26,FTF,Business Administration,10500,19.59343795,24.95157148,56.9100208,,,,,0.1959343795,0.2495157148,0.569100208
c50287d2-c454-4357-8e28-adec871fabd0,FTF,Business Economics,0,9.547179367,11.78640993,19.82947721,,,,,0.09547179367,0.1178640993,0.1982947721
4bce49ae-1684-4d36-b969-679ae9aa8792,FTF,Business Economics,4500,13.09656804,16.28466643,30.74489929,,,,,0.1309656804,0.1628466643,0.3074489929
47624aa3-2045-4c15-b6a7-4220dc7bb3c3,FTF,Business Economics,10500,20.68184896,27.46549123,84.73261991,,,,,0.2068184896,0.2746549123,0.8473261991
0f33c102-d973-4207-a7ad-d069063140be,FTF,Business Law,0,5.162209544,6.463421713,10.20391414,,,,,0.05162209544,0.06463421713,0.1020391414
1c2c4db9-6300-4c49-a8d6-b5d2b8c3f76e,FTF,Business Law,4500,7.166468569,8.715738207,13.60592567,,,,,0.07166468569,0.08715738207,0.1360592567
7063c5da-09c5-469b-b290-311b359f66dd,FTF,Business Law,10500,10.52941952,12.74290767,21.25770876,,,,,0.1052941952,0.1274290767,0.2125770876
974c184c-883f-4704-8a05-8fd966e66c74,FTF,Cell and Molecular Biology,0,NA,NA,NA,,,,,NA,NA,NA
9210a536-767a-4153-969c-419b57cd68aa,FTF,Cell and Molecular Biology,4500,NA,NA,NA,,,,,NA,NA,NA
e5a29db2-bce6-48a5-8184-adefa42bf58e,FTF,Cell and Molecular Biology,10500,NA,NA,NA,,,,,NA,NA,NA
6e650cf4-6d73-4833-9d89-2098e92fea28,FTF,Chemical Engineering,0,20.7815154,24.10075541,35.99517385,,,,,0.207815154,0.2410075541,0.3599517385
afef5b75-a718-40e6-8765-cb280869bf55,FTF,Chemical Engineering,4500,26.03973238,30.74628633,53.30794797,,,,,0.2603973238,0.3074628633,0.5330794797
3668f5b2-3618-4b75-94b4-62820c064695,FTF,Chemical Engineering,10500,37.26805145,47.78211019,112.6688352,,,,,0.3726805145,0.4778211019,1.126688352
ddb5d16e-cc62-4d18-b0ff-17c9c81d8536,FTF,Chemistry,0,NA,NA,NA,,,,,NA,NA,NA
d80bfadd-fca8-4d1e-9af7-960b6782d2be,FTF,Chemistry,4500,NA,NA,NA,,,,,NA,NA,NA
da90610a-81eb-4820-b9fb-7a6650eacaff,FTF,Chemistry,10500,NA,NA,NA,,,,,NA,NA,NA
5365181e-8e5a-49cf-bcb1-0600e0d47100,FTF,Child Development,0,7.255012263,9.10130445,15.56073146,,,,,0.07255012263,0.0910130445,0.1556073146
a465a6ab-7ab0-4f54-a932-52baf8d7bd95,FTF,Child Development,4500,10.16684601,12.73087599,24.32016025,,,,,0.1016684601,0.1273087599,0.2432016025
02e31623-a49a-49dc-b91a-f676375860e9,FTF,Child Development,10500,16.24083984,21.67620482,65.10325447,,,,,0.1624083984,0.2167620482,0.6510325447
afa57123-a685-41b1-906d-f1ea97f9b513,FTF,Chinese,0,9.244694613,11.43283945,19.37439569,,,,,0.09244694613,0.1143283945,0.1937439569
1b0007f6-32f6-44b9-98fe-7c30346b7b53,FTF,Chinese,4500,12.71507241,15.84944115,30.73098727,,,,,0.1271507241,0.1584944115,0.3073098727
5f51269f-af92-46f8-adfb-15fbbcab1ace,FTF,Chinese,10500,20.23060184,27.21275427,82.28572458,,,,,0.2023060184,0.2721275427,0.8228572458
9778168d-8485-4528-9046-d9205ddb9e50,FTF,Cinema/Film,0,NA,NA,NA,,,,,NA,NA,NA
dc6f0536-a03c-42be-b37b-391c0962bb96,FTF,Cinema/Film,4500,NA,NA,NA,,,,,NA,NA,NA
060b8c0f-a3ca-428e-8951-30f41d6e6948,FTF,Cinema/Film,10500,NA,NA,NA,,,,,NA,NA,NA
a9d5c618-9dc6-404f-80fe-f4d8e7b4eef8,FTF,City and Regional Planning,0,9.42792437,11.38453963,18.08909341,,,,,0.0942792437,0.1138453963,0.1808909341
ae3ac11e-30ca-4ed4-9efd-b55e9fc8e4f0,FTF,City and Regional Planning,4500,12.50741153,15.18274857,26.9615666,,,,,0.1250741153,0.1518274857,0.269615666
0b3e42f5-a327-43d0-ac94-14cb84fa3897,FTF,City and Regional Planning,10500,18.78127237,24.27382671,57.73254844,,,,,0.1878127237,0.2427382671,0.5773254844
086e7d0d-5c41-4839-9385-09bd65875fe2,FTF,Civil Engineering,0,16.40806259,19.326229,29.44396112,,,,,0.1640806259,0.19326229,0.2944396112
0661d82b-cb41-4afd-8760-804541218f8b,FTF,Civil Engineering,4500,21.01704298,25.06302174,42.34019574,,,,,0.2101704298,0.2506302174,0.4234019574
947f81f5-be32-4704-abe3-6bf49b1e7206,FTF,Civil Engineering,10500,30.48034308,38.53946598,94.71326983,,,,,0.3048034308,0.3853946598,0.9471326983
01ff8dcd-5e67-4707-82a1-05d014ae4d61,FTF,Classics,0,7.713791219,9.497718911,15.49104074,,,,,0.07713791219,0.09497718911,0.1549104074
3b5adb25-ac5d-43ea-8ed7-d8420e0d46ff,FTF,Classics,4500,10.5139631,12.91504815,23.0763717,,,,,0.105139631,0.1291504815,0.230763717
f7a2ee26-d6ee-469e-9c25-353afa3663af,FTF,Classics,10500,16.09913908,20.83332092,52.54504899,,,,,0.1609913908,0.2083332092,0.5254504899
e8c1cca8-2737-4216-9b59-16b5c68b334b,FTF,Communications,0,9.165453581,11.35532419,19.30172279,,,,,0.09165453581,0.1135532419,0.1930172279
235bf220-781a-4bce-a060-92a34d75194f,FTF,Communications,4500,12.63864624,15.77547578,30.64139782,,,,,0.1263864624,0.1577547578,0.3064139782
09841020-308e-417a-853b-6f8d6437473d,FTF,Communications,10500,20.15785658,27.13215953,86.51476157,,,,,0.2015785658,0.2713215953,0.8651476157
4f7d2fe7-32c5-47f4-9807-ea2c24fa0081,FTF,Communicative Disorders,0,8.207169957,10.24415181,17.70726503,,,,,0.08207169957,0.1024415181,0.1770726503
1626539b-a146-4957-92bd-3c9724080622,FTF,Communicative Disorders,4500,11.4373558,14.36637608,29.19133717,,,,,0.114373558,0.1436637608,0.2919133717
f4c76bdc-0869-48c1-af19-7a6942c96dd1,FTF,Communicative Disorders,10500,18.52985715,25.47426803,83.81404553,,,,,0.1852985715,0.2547426803,0.8381404553
8c1cd0ef-077e-4bdb-9b0b-931b3f145437,FTF,Comparative Literature,0,6.078252404,7.562566443,12.33336456,,,,,0.06078252404,0.07562566443,0.1233336456
120615a0-2aa1-4413-b9de-5610af9d7e0e,FTF,Comparative Literature,4500,8.392633959,10.31563039,18.21911911,,,,,0.08392633959,0.1031563039,0.1821911911
9d774d60-87a2-4068-af15-95980393679d,FTF,Comparative Literature,10500,12.80506939,16.46341697,43.76213541,,,,,0.1280506939,0.1646341697,0.4376213541
1ca0b71d-48d0-47d0-9e74-427b473fbcb2,FTF,Computer Engineering,0,18.46976223,21.98363584,34.74819679,,,,,0.1846976223,0.2198363584,0.3474819679
dee4f22c-e66c-4a53-a37f-379e1ca6e958,FTF,Computer Engineering,4500,24.04551507,29.07883008,54.23141522,,,,,0.2404551507,0.2907883008,0.5423141522
785af12a-ec7f-4691-af82-5060492ce92c,FTF,Computer Engineering,10500,36.13412699,47.82661005,139.7490284,,,,,0.3613412699,0.4782661005,1.397490284
5b468aee-bca8-4b37-a0cf-4377aaea4585,FTF,Computer Engineering Technology,0,NA,NA,NA,,,,,NA,NA,NA
7114189c-416b-4576-990b-f37deb634f0d,FTF,Computer Engineering Technology,4500,NA,NA,NA,,,,,NA,NA,NA
3c146c26-9002-4ab1-965e-2e51441a290f,FTF,Computer Engineering Technology,10500,NA,NA,NA,,,,,NA,NA,NA
5f27af4e-4cc8-453b-8abd-42b7bebb7953,FTF,Computer Science and Information Technology,0,17.18241635,20.18488591,30.65227386,,,,,0.1718241635,0.2018488591,0.3065227386
3a8371c3-5960-4874-a433-8c1b95420b51,FTF,Computer Science and Information Technology,4500,21.92625239,26.10297238,44.39996177,,,,,0.2192625239,0.2610297238,0.4439996177
e28ca534-f5ab-4f32-9707-6ac3c8f2e303,FTF,Computer Science and Information Technology,10500,31.73441704,40.269473,100.5945824,,,,,0.3173441704,0.40269473,1.005945824
f9463d05-ecfe-4582-94cf-0e28d0d0ca68,FTF,Construction Engineering Technology,0,19.23449521,22.09389866,31.43534,,,,,0.1923449521,0.2209389866,0.3143534
aa9ab15f-33be-4bf5-897b-9ecbc05eb763,FTF,Construction Engineering Technology,4500,23.71829518,27.50449083,41.8543942,,,,,0.2371829518,0.2750449083,0.418543942
bbab09b9-c653-4a63-aa79-5422dfacebea,FTF,Construction Engineering Technology,10500,32.33822469,38.97701735,80.37213225,,,,,0.3233822469,0.3897701735,0.8037213225
fab8ef61-cf2f-44b9-8386-25c1a02828b8,FTF,Creative Writing,0,7.560467508,9.380664986,15.81652235,,,,,0.07560467508,0.09380664986,0.1581652235
f2947966-104c-4b2d-b860-3645fa7f1426,FTF,Creative Writing,4500,10.43121262,12.96898963,25.84322024,,,,,0.1043121262,0.1296898963,0.2584322024
d5a9858d-89e4-48ba-a791-79c76918761f,FTF,Creative Writing,10500,16.51432117,22.4787604,59.65239279,,,,,0.1651432117,0.224787604,0.5965239279
bf50a642-01a5-4b56-af37-cf6569eb814f,FTF,Criminal Justice,0,8.894213035,10.85477846,17.40686332,,,,,0.08894213035,0.1085477846,0.1740686332
c6a7828c-3c84-4561-bf9f-bd4f4da3f6c1,FTF,Criminal Justice,4500,11.9740541,14.6121227,25.13226054,,,,,0.119740541,0.146121227,0.2513226054
04e2497b-7ae8-4086-b887-8d7ff16dad3b,FTF,Criminal Justice,10500,18.05773584,22.95107701,51.72455189,,,,,0.1805773584,0.2295107701,0.5172455189
275b59bd-22af-4e02-b1b8-22756caf351e,FTF,Cultural Resources Management,0,8.980444005,11.05871358,18.29840515,,,,,0.08980444005,0.1105871358,0.1829840515
bf9413e5-baaa-4267-932b-51e5654b9ebc,FTF,Cultural Resources Management,4500,12.26159138,15.14962955,27.56775525,,,,,0.1226159138,0.1514962955,0.2756775525
97738fbb-8ffa-4966-8521-4c48097db204,FTF,Cultural Resources Management,10500,19.04591525,24.85612397,65.87373263,,,,,0.1904591525,0.2485612397,0.6587373263
c02b1ca0-95d0-40be-a246-4e434c3e11f3,FTF,Dance,0,4.324636398,5.770585744,10.72507767,,,,,0.04324636398,0.05770585744,0.1072507767
2dd27391-4933-4bde-ad11-44a0f283a2ec,FTF,Dance,4500,6.59081333,8.544724169,19.05458078,,,,,0.0659081333,0.08544724169,0.1905458078
64bf26d2-97c4-42c9-9b4c-ecf9d8c2be01,FTF,Dance,10500,11.26288451,16.06071093,114.2998644,,,,,0.1126288451,0.1606071093,1.142998644
8023b428-ae55-4969-8352-7f73bca3763a,FTF,Dance - Performance,0,7.571642186,9.315523797,15.10662513,,,,,0.07571642186,0.09315523797,0.1510662513
4f73593d-d705-4ac9-a278-8992fedc9fae,FTF,Dance - Performance,4500,10.3050849,12.63112382,22.2612712,,,,,0.103050849,0.1263112382,0.222612712
2ce1b72c-ec7c-4617-95df-64fc3d262596,FTF,Dance - Performance,10500,15.68782999,20.16821513,48.31685891,,,,,0.1568782999,0.2016821513,0.4831685891
9150a752-971f-43ce-a1fc-4ccfdd031d68,FTF,Deaf Studies,0,8.14528154,10.27806302,18.61282853,,,,,0.0814528154,0.1027806302,0.1861282853
c2892016-8785-48a8-b3a5-13278a8fea7b,FTF,Deaf Studies,4500,11.55030773,14.76258366,33.8533699,,,,,0.1155030773,0.1476258366,0.338533699
2be863c8-f7b9-4fe5-a424-816df1c7fb4b,FTF,Deaf Studies,10500,19.59536864,28.5202729,125.5476288,,,,,0.1959536864,0.285202729,1.255476288
0cfbd816-d882-490e-bad5-bd0ce3bae3a7,FTF,Design,0,NA,NA,NA,,,,,NA,NA,NA
c2461206-f7f9-4037-98fb-812666851857,FTF,Design,4500,NA,NA,NA,,,,,NA,NA,NA
89eb8831-d098-4d28-973c-fa50b3278d57,FTF,Design,10500,NA,NA,NA,,,,,NA,NA,NA
e9d73f99-a44b-400e-a55e-c82dd7e9a3da,FTF,Dietetics/Nutritional Science,0,12.72004803,15.84138047,27.99211346,,,,,0.1272004803,0.1584138047,0.2799211346
f002d1d3-3eb2-43a3-b89d-cb496aae5833,FTF,Dietetics/Nutritional Science,4500,17.72457414,22.46305548,48.207412,,,,,0.1772457414,0.2246305548,0.48207412
a7cef84a-1fb9-42b8-8c3c-20964de403a5,FTF,Dietetics/Nutritional Science,10500,29.36881343,41.33588216,163.4951185,,,,,0.2936881343,0.4133588216,1.634951185
8239609d-a2b3-407b-858d-4ae49e20c1be,FTF,Earth Science,0,8.803410598,10.81665054,17.67534606,,,,,0.08803410598,0.1081665054,0.1767534606
b3e6aa28-4888-4f1f-b0a8-cc8ba05bb502,FTF,Earth Science,4500,11.97383417,14.72502311,25.98146223,,,,,0.1197383417,0.1472502311,0.2598146223
5819c1e0-f563-4c44-afe1-3a173cd3cd18,FTF,Earth Science,10500,18.36737032,23.61920573,65.73478034,,,,,0.1836737032,0.2361920573,0.6573478034
2ab277bc-af71-4a87-b3a9-b533fa6bc812,FTF,Economics,0,8.60510128,10.46451242,16.66033049,,,,,0.0860510128,0.1046451242,0.1666033049
6a96544c-e315-407f-8bee-f3e42756ebce,FTF,Economics,4500,11.5229248,14.0143355,24.13815173,,,,,0.115229248,0.140143355,0.2413815173
e43a6e0c-a373-4166-89eb-dfdcb02cac30,FTF,Economics,10500,17.27918288,21.99056812,52.07746117,,,,,0.1727918288,0.2199056812,0.5207746117
57774bc7-0ffb-4090-9d15-e277feaed3d4,FTF,Education: 08011 + 08031 + 08081 + 08225,0,8.987195774,11.52637191,21.83565565,,,,,0.08987195774,0.1152637191,0.2183565565
eee12c92-b2a4-4a6a-a562-874da132e672,FTF,Education: 08011 + 08031 + 08081 + 08225,4500,13.08160624,17.08649254,36.85471111,,,,,0.1308160624,0.1708649254,0.3685471111
b965deba-3445-488d-a3bc-cf328615d88a,FTF,Education: 08011 + 08031 + 08081 + 08225,10500,23.0066857,32.39297357,95.28650476,,,,,0.230066857,0.3239297357,0.9528650476
6200f8be-95b7-45bd-a9a9-0021e0edca2e,FTF,Education: 49081,0,13.57507169,16.53485788,26.95338173,,,,,0.1357507169,0.1653485788,0.2695338173
67b59d3e-8e31-460f-b989-6ef888432025,FTF,Education: 49081,4500,18.26471725,22.43060264,40.08004831,,,,,0.1826471725,0.2243060264,0.4008004831
1f7fc5f3-1177-469a-9cfa-7fc09e950358,FTF,Education: 49081,10500,28.02164948,36.26000345,96.27235022,,,,,0.2802164948,0.3626000345,0.9627235022
09599356-973d-4330-98ac-7caa4cbf6663,FTF,Electrical and Electronic Engineering,0,20.37459845,24.11245006,37.26938631,,,,,0.2037459845,0.2411245006,0.3726938631
88a90372-c041-46b3-bbf9-c6229a800b0f,FTF,Electrical and Electronic Engineering,4500,26.2824393,31.50776507,55.84853987,,,,,0.262824393,0.3150776507,0.5584853987
a6354a01-6047-4281-a46f-90d0925a3f40,FTF,Electrical and Electronic Engineering,10500,38.65697262,49.98749958,139.9544341,,,,,0.3865697262,0.4998749958,1.399544341
c61e3c85-771a-418b-9a81-0d981274a363,FTF,Electrical Engineering,0,17.87481587,20.8722241,31.08838053,,,,,0.1787481587,0.208722241,0.3108838053
d824d84f-922b-4104-90d4-4e1833e46b28,FTF,Electrical Engineering,4500,22.59836819,26.69753977,43.75530999,,,,,0.2259836819,0.2669753977,0.4375530999
f5ac3968-1ed6-46d3-846c-e3c410d39272,FTF,Electrical Engineering,10500,32.12022194,40.06014614,94.26153839,,,,,0.3212022194,0.4006014614,0.9426153839
284b419a-fa47-4918-8db0-a59c6dd2d60c,FTF,Electronic Engineering Technology,0,16.18339105,19.10902015,29.31433127,,,,,0.1618339105,0.1910902015,0.2931433127
95eb16b4-643c-4de4-aca4-4ac795e03d40,FTF,Electronic Engineering Technology,4500,20.80685282,24.88048933,42.58863604,,,,,0.2080685282,0.2488048933,0.4258863604
604257db-2a81-42e5-ac78-30e4c31e3843,FTF,Electronic Engineering Technology,10500,30.36758222,38.63268041,105.69592,,,,,0.3036758222,0.3863268041,1.0569592
e7b8ded9-7721-42ac-a0f5-24e585483f7f,FTF,Engineering,0,17.12343166,20.13750329,30.06908128,,,,,0.1712343166,0.2013750329,0.3006908128
f9e4b6e9-501d-404a-b89c-5d65ba8f86aa,FTF,Engineering,4500,21.85688404,25.87868031,41.24402909,,,,,0.2185688404,0.2587868031,0.4124402909
72dbe739-8f40-42f3-9d4e-c869123d7450,FTF,Engineering,10500,31.03333753,38.14545146,83.03321967,,,,,0.3103333753,0.3814545146,0.8303321967
fef02cee-b7e5-4598-bc44-b16550ec475e,FTF,Engineering Technology,0,16.7538678,20.11384722,32.12113974,,,,,0.167538678,0.2011384722,0.3212113974
2859c1b2-dca7-4772-9731-4d3d0af6bd6a,FTF,Engineering Technology,4500,22.08243471,26.85458777,48.36244151,,,,,0.2208243471,0.2685458777,0.4836244151
5888bfea-2b68-4a65-98ab-891ffb97b3ad,FTF,Engineering Technology,10500,33.38311222,43.44084763,193.0296791,,,,,0.3338311222,0.4344084763,1.930296791
6d0816e9-2d03-426c-b665-695ab1191e83,FTF,English,0,8.333680735,10.38695744,17.9266667,,,,,0.08333680735,0.1038695744,0.179266667
2b71fee8-6eae-470d-b929-8647ad1c78d3,FTF,English,4500,11.59063154,14.54817859,29.57369679,,,,,0.1159063154,0.1454817859,0.2957369679
f4c2beb3-b518-44de-a5c9-8e2423e3c59b,FTF,English,10500,18.75937555,25.80107735,125.28304,,,,,0.1875937555,0.2580107735,1.2528304
ca9bddc6-d92e-48e7-8768-02f86a185154,FTF,English Literature,0,NA,NA,NA,,,,,NA,NA,NA
22d05a3a-82b1-4260-b63d-144a334811c9,FTF,English Literature,4500,NA,NA,NA,,,,,NA,NA,NA
449437db-aa58-4849-9a6d-e1ef0d71b778,FTF,English Literature,10500,NA,NA,NA,,,,,NA,NA,NA
d05aa5e5-225d-4b2c-bdf4-0ac8acfd2352,FTF,Entrepreneurship & Small Business Management,0,9.692132287,12.01630075,20.72305233,,,,,0.09692132287,0.1201630075,0.2072305233
92fbce0f-ecf6-47ea-bbf4-6ad97113f767,FTF,Entrepreneurship & Small Business Management,4500,13.39197866,16.80090825,34.40686038,,,,,0.1339197866,0.1680090825,0.3440686038
c5d5007a-1ca1-42b0-b11c-b574a4ba1b6b,FTF,Entrepreneurship & Small Business Management,10500,21.69214009,29.92617854,73.12700962,,,,,0.2169214009,0.2992617854,0.7312700962
eaa3137f-6dcf-43e0-867b-6231f2bf39ce,FTF,Environmental and Occupational Health,0,12.0396983,14.28363837,21.45587075,,,,,0.120396983,0.1428363837,0.2145587075
fce022d7-7dec-4131-939b-3bb48414e1a3,FTF,Environmental and Occupational Health,4500,15.54989901,18.47337429,28.98173266,,,,,0.1554989901,0.1847337429,0.2898173266
f58b1af7-6e25-4bf9-93a5-e31485cdd02b,FTF,Environmental and Occupational Health,10500,22.13166838,26.96897773,52.61429575,,,,,0.2213166838,0.2696897773,0.5261429575
05a02a7a-74ba-4ac2-806e-879e0a4d1a91,FTF,Environmental Biology & Ecology,0,8.495304254,10.62998141,18.93327554,,,,,0.08495304254,0.1062998141,0.1893327554
0b38b318-8382-4d3c-9491-c94b0ef7e72c,FTF,Environmental Biology & Ecology,4500,11.89983462,15.09722827,35.44406353,,,,,0.1189983462,0.1509722827,0.3544406353
8ac30a86-6d7d-402f-a61a-c0060fc0d7de,FTF,Environmental Biology & Ecology,10500,19.91801917,29.21947371,120.7820757,,,,,0.1991801917,0.2921947371,1.207820757
5f07b93f-e2d6-41c4-b236-d27ed8af9e11,FTF,Environmental Engineering Technology,0,9.244694613,11.43283945,19.37439569,,,,,0.09244694613,0.1143283945,0.1937439569
82406f3c-0027-4468-a21a-605210e61fec,FTF,Environmental Engineering Technology,4500,12.71507241,15.84944115,30.73098727,,,,,0.1271507241,0.1584944115,0.3073098727
d0f1721a-0757-4a6f-87a7-43f37747259e,FTF,Environmental Engineering Technology,10500,20.23060184,27.21275427,82.28572458,,,,,0.2023060184,0.2721275427,0.8228572458
56717743-2688-4485-8131-8872a21dcc6b,FTF,Environmental Studies,0,NA,NA,NA,,,,,NA,NA,NA
b1c3b686-4348-4013-bea6-f1f8e65d2134,FTF,Environmental Studies,4500,NA,NA,NA,,,,,NA,NA,NA
6d668c14-1c8d-4567-b901-6c24d712a303,FTF,Environmental Studies,10500,NA,NA,NA,,,,,NA,NA,NA
434d5a94-7898-4aee-b619-e6cb1688f9e0,FTF,Ethnic Studies,0,3.72325786,4.7912245,7.678375515,,,,,0.0372325786,0.047912245,0.07678375515
9910e2f1-cf9b-42f5-aab8-be8e8923d7b9,FTF,Ethnic Studies,4500,5.35465658,6.562184569,10.0789475,,,,,0.0535465658,0.06562184569,0.100789475
bd0a5d9f-0601-4a65-b8ed-ccf54b466789,FTF,Ethnic Studies,10500,7.916941506,9.488712928,14.34263108,,,,,0.07916941506,0.09488712928,0.1434263108
333a7a9d-11b5-43fe-8522-94380bc30e20,FTF,European Studies,0,8.779865926,10.82782812,18.05361889,,,,,0.08779865926,0.1082782812,0.1805361889
72d2e685-2a58-499e-b6f3-d0dbbc5245bc,FTF,European Studies,4500,12.01585442,14.88408294,27.91000209,,,,,0.1201585442,0.1488408294,0.2791000209
6bd7bdf0-cd6d-4e3c-be06-1f6650ffed49,FTF,European Studies,10500,18.81520307,24.91317685,69.12137423,,,,,0.1881520307,0.2491317685,0.6912137423
cd6eaaa9-c762-493e-b486-210addf13921,FTF,Exercise Science,0,9.244694613,11.43283945,19.37439569,,,,,0.09244694613,0.1143283945,0.1937439569
588286ae-60b6-4456-97d8-958ad214b8cb,FTF,Exercise Science,4500,12.71507241,15.84944115,30.73098727,,,,,0.1271507241,0.1584944115,0.3073098727
a80023e3-3fae-4d4f-90e4-0e3ff1fbada7,FTF,Exercise Science,10500,20.23060184,27.21275427,82.28572458,,,,,0.2023060184,0.2721275427,0.8228572458
6af56fb9-2987-4940-8156-f22c6480a3ca,FTF,Family and Consumer Sciences,0,6.090608747,7.831558202,14.0580031,,,,,0.06090608747,0.07831558202,0.140580031
f4a2ffbb-61f9-4c04-a4f9-995a069d920f,FTF,Family and Consumer Sciences,4500,8.839403226,11.28838893,23.35403758,,,,,0.08839403226,0.1128838893,0.2335403758
0d7c659e-99c6-437c-86b3-9405891616fb,FTF,Family and Consumer Sciences,10500,14.73774853,20.41770227,83.74022137,,,,,0.1473774853,0.2041770227,0.8374022137
09bf6481-031b-4c6c-aade-a4493616f0f8,FTF,Finance,0,10.71778294,12.94042782,20.49040147,,,,,0.1071778294,0.1294042782,0.2049040147
c187599a-aa37-4558-9d29-d29568d262ff,FTF,Finance,4500,14.2183699,17.2510312,29.59818182,,,,,0.142183699,0.172510312,0.2959818182
0652d046-7e1a-40da-8cf6-e6142563343d,FTF,Finance,10500,21.24856316,26.99968725,72.63675348,,,,,0.2124856316,0.2699968725,0.7263675348
b982f172-d9e4-49ff-bdcc-ea4f2ee6d7e8,FTF,Fire Protection Administration,0,5.985757709,7.417177856,11.78723271,,,,,0.05985757709,0.07417177856,0.1178723271
cf0d5195-9c77-441b-9b7d-3f0c05892ad2,FTF,Fire Protection Administration,4500,8.20637295,9.993440624,16.30485435,,,,,0.0820637295,0.09993440624,0.1630485435
0763d5c9-ee1a-4ef5-b918-09513c65fbf9,FTF,Fire Protection Administration,10500,12.1917804,15.08985594,29.92965664,,,,,0.121917804,0.1508985594,0.2992965664
fd9cd424-d304-4332-b46a-9c044562073d,FTF,Food Science and Technology,0,NA,NA,NA,,,,,NA,NA,NA
22cdf9cc-e3c5-4bb8-b0af-f16fd3c5f70d,FTF,Food Science and Technology,4500,NA,NA,NA,,,,,NA,NA,NA
9599f9b8-ed50-413e-bde6-9598018cd770,FTF,Food Science and Technology,10500,NA,NA,NA,,,,,NA,NA,NA
6342eee8-0c1b-4e23-bf69-176b819d7a3e,FTF,French,0,2.399622546,3.389525808,6.048047997,,,,,0.02399622546,0.03389525808,0.06048047997
364761e4-399b-46e8-ad06-9921e7372a65,FTF,French,4500,3.909694866,5.021416752,8.271946565,,,,,0.03909694866,0.05021416752,0.08271946565
2b79cd9a-e466-4c1c-87cd-a05fbe8ee817,FTF,French,10500,6.267704969,7.721320227,12.94046897,,,,,0.06267704969,0.07721320227,0.1294046897
faeff049-8729-4e0c-90db-74a4bd4c1f4c,FTF,Geography,0,5.417548931,6.821259548,11.06353875,,,,,0.05417548931,0.06821259548,0.1106353875
4056ce8e-0722-4a68-b79f-6238facbd310,FTF,Geography,4500,7.59263402,9.331592775,15.3301203,,,,,0.0759263402,0.09331592775,0.153301203
d462303b-7b10-438d-929f-fd375720f5b2,FTF,Geography,10500,11.45180229,14.19983474,27.61172917,,,,,0.1145180229,0.1419983474,0.2761172917
180f82a1-fc1a-492f-8e0c-d101dfed525f,FTF,Geology,0,NA,NA,NA,,,,,NA,NA,NA
5a4a7633-8781-4922-85dc-5c0971dd2a8c,FTF,Geology,4500,NA,NA,NA,,,,,NA,NA,NA
79135438-0dbc-424f-bf7c-878a1e7b9150,FTF,Geology,10500,NA,NA,NA,,,,,NA,NA,NA
6697eec3-3498-48f9-9699-b71e208fdb11,FTF,German,0,6.501443266,8.036455523,12.92799536,,,,,0.06501443266,0.08036455523,0.1292799536
f076151f-6b08-4673-a979-ae0bc429a7ed,FTF,German,4500,8.89419937,10.87389595,18.59533997,,,,,0.0889419937,0.1087389595,0.1859533997
4c5c0ae7-9d87-429f-9ec9-e6a95802056e,FTF,German,10500,13.40287209,16.97648104,38.34003894,,,,,0.1340287209,0.1697648104,0.3834003894
e0d4e497-1a6a-4107-8208-8eecf0239f35,FTF,Graphic Communications,0,10.82090226,13.76427842,28.23764576,,,,,0.1082090226,0.1376427842,0.2823764576
50eaa400-bd08-415f-bf42-d38dba996b0b,FTF,Graphic Communications,4500,15.63064177,20.80084836,NA,,,,,0.1563064177,0.2080084836,NA
ce221d09-6d67-4c5c-8875-42814ca00281,FTF,Graphic Communications,10500,30.46463367,NA,197.6454156,,,,,0.3046463367,NA,1.976454156
b557bf75-e450-4401-81d4-810c9926a8bf,FTF,Graphic Design,0,9.82670195,12.41231479,23.03840153,,,,,0.0982670195,0.1241231479,0.2303840153
cf83175d-3f46-4efe-ad38-a76b21846d62,FTF,Graphic Design,4500,13.98840769,18.05539213,43.91857797,,,,,0.1398840769,0.1805539213,0.4391857797
979b5d84-54bf-4e00-a079-80f2f159957a,FTF,Graphic Design,10500,24.32256324,36.26693148,190.4584919,,,,,0.2432256324,0.3626693148,1.904584919
cf9acf7e-c02b-48b5-aa4f-121796971c53,FTF,Health Care Management/Administration,0,9.289191572,11.49876647,19.49880204,,,,,0.09289191572,0.1149876647,0.1949880204
2cae6f2b-0b84-408c-8d06-9a42e1c72558,FTF,Health Care Management/Administration,4500,12.79409065,15.95762066,30.56634518,,,,,0.1279409065,0.1595762066,0.3056634518
8fdb77a6-caf9-4553-a3b7-84e17d04d1a1,FTF,Health Care Management/Administration,10500,20.35432175,27.21697489,80.13388867,,,,,0.2035432175,0.2721697489,0.8013388867
1fcb2256-c528-41f6-9d9e-61fef7736dcd,FTF,Health Education,0,9.221905285,11.46479662,20.08704326,,,,,0.09221905285,0.1146479662,0.2008704326
70c44547-cca9-4a09-8022-8ae736f23ca8,FTF,Health Education,4500,12.79744348,16.13557605,36.34818709,,,,,0.1279744348,0.1613557605,0.3634818709
fffb0265-ea0c-4257-bee3-934142a68428,FTF,Health Education,10500,21.09000462,30.33673547,70.18414182,,,,,0.2109000462,0.3033673547,0.7018414182
1646fff6-37f9-4aa8-8e87-dc69b13ee3cb,FTF,Health Science,0,7.963255529,9.909770935,16.89246152,,,,,0.07963255529,0.09909770935,0.1689246152
699fffb1-466b-4de2-88dc-3ceb5398a236,FTF,Health Science,4500,11.04151652,13.79392196,27.27018505,,,,,0.1104151652,0.1379392196,0.2727018505
86674ac8-819d-4321-b876-091053227f7a,FTF,Health Science,10500,17.64936994,23.95578885,73.3942839,,,,,0.1764936994,0.2395578885,0.733942839
840d7911-764a-4858-855f-1ccd00906a1b,FTF,History,0,6.952145318,8.641153251,14.24048784,,,,,0.06952145318,0.08641153251,0.1424048784
85d2cd82-ecb1-4bdb-b6a0-18f97311aa56,FTF,History,4500,9.598490697,11.84748381,21.12896327,,,,,0.09598490697,0.1184748381,0.2112896327
1b2106d9-6864-4a89-94e7-30b466552b49,FTF,History,10500,14.80222006,19.12362995,49.71106821,,,,,0.1480222006,0.1912362995,0.4971106821
5bcf4b3f-706a-42cb-b184-7c2170ea257c,FTF,Hotel and Restaurant/Hospitality Management,0,8.435883054,10.41098036,17.33089344,,,,,0.08435883054,0.1041098036,0.1733089344
64cf6fba-0603-4b59-b35f-366f97ad9422,FTF,Hotel and Restaurant/Hospitality Management,4500,11.55338706,14.30321038,26.66311677,,,,,0.1155338706,0.1430321038,0.2666311677
69f89ce3-ea28-4a9d-a7e3-abaf3bda7cd6,FTF,Hotel and Restaurant/Hospitality Management,10500,18.05683878,23.84341965,69.11109996,,,,,0.1805683878,0.2384341965,0.6911109996
9c8aff61-dcd6-480e-b28a-8ad0165b8655,FTF,Human Development,0,8.356107182,10.31429087,17.14405972,,,,,0.08356107182,0.1031429087,0.1714405972
a4a4696e-20b6-44b3-94c8-e76dc6e10ed7,FTF,Human Development,4500,11.4451403,14.16175729,26.27140746,,,,,0.114451403,0.1416175729,0.2627140746
6fe15c7c-32d8-4913-8336-97297ce42408,FTF,Human Development,10500,17.85773602,23.52558773,59.71328223,,,,,0.1785773602,0.2352558773,0.5971328223
a3695149-0a8e-4199-8717-31dafa8a85da,FTF,Human Resources/Personnel Management,0,8.738284207,10.73623895,17.4698092,,,,,0.08738284207,0.1073623895,0.174698092
843234ae-1965-4619-850c-a3a71f0f5338,FTF,Human Resources/Personnel Management,4500,11.88110313,14.58990781,25.40619901,,,,,0.1188110313,0.1458990781,0.2540619901
5c1eee69-f842-4f68-8963-6336166745bd,FTF,Human Resources/Personnel Management,10500,18.14104959,23.17654536,52.79058339,,,,,0.1814104959,0.2317654536,0.5279058339
8baf8408-d430-4821-ae1b-8c94129b7480,FTF,Human Services,0,6.565218903,8.402567285,15.07911718,,,,,0.06565218903,0.08402567285,0.1507911718
cfcdadbc-3a49-4ab4-8080-b0a20d6a1095,FTF,Human Services,4500,9.473441871,12.09436776,25.01595959,,,,,0.09473441871,0.1209436776,0.2501595959
b3c46480-8fdf-4dd3-a65d-fc5e2156473b,FTF,Human Services,10500,15.81286245,21.91160571,88.46612894,,,,,0.1581286245,0.2191160571,0.8846612894
ea9a7233-1678-4197-906f-df060433f843,FTF,Humanities,0,1.589020381,2.415854484,4.490129314,,,,,0.01589020381,0.02415854484,0.04490129314
4c9b1841-b30b-49cc-811b-8e58ed0ddc5d,FTF,Humanities,4500,2.839476617,3.716938852,6.027020267,,,,,0.02839476617,0.03716938852,0.06027020267
b877c8cf-6fae-4b82-b73a-40957cb16cfa,FTF,Humanities,10500,4.650586311,5.66514696,8.431181774,,,,,0.04650586311,0.0566514696,0.08431181774
f7ec4eaa-1d8f-4630-be9d-b3726c410582,FTF,Industrial Arts,0,9.555709651,11.89245821,20.97217927,,,,,0.09555709651,0.1189245821,0.2097217927
77a10a36-10ac-4395-a0d7-3ebcf43e7c26,FTF,Industrial Arts,4500,13.28732937,16.79780573,38.16428864,,,,,0.1328732937,0.1679780573,0.3816428864
92f5ff18-f3e9-4406-93b7-4333450d7ba0,FTF,Industrial Arts,10500,22.03326335,31.81268262,82.28572458,,,,,0.2203326335,0.3181268262,0.8228572458
bafb9452-8c16-4f05-a1c7-4ea9558fc97e,FTF,Industrial Design,0,11.49936351,14.53102184,27.69342723,,,,,0.1149936351,0.1453102184,0.2769342723
60613bec-251d-4e44-9eee-2cc40ebc7854,FTF,Industrial Design,4500,16.41357668,21.38202628,60.1286285,,,,,0.1641357668,0.2138202628,0.601286285
0ac31f00-bc2b-4235-9abc-e942dada2487,FTF,Industrial Design,10500,29.36654154,46.4154338,169.7114965,,,,,0.2936654154,0.464154338,1.697114965
1704a00d-8db0-4d4f-a893-224a85a415d0,FTF,Industrial Engineering,0,14.83396772,17.60676527,27.3888046,,,,,0.1483396772,0.1760676527,0.273888046
ed8d2d15-a9c1-4618-b072-d69c81d50301,FTF,Industrial Engineering,4500,19.21892218,23.10620936,40.91533568,,,,,0.1921892218,0.2310620936,0.4091533568
363e3685-4a2a-459a-a2d6-6bf3292c38b3,FTF,Industrial Engineering,10500,28.41738689,36.72277868,87.66207692,,,,,0.2841738689,0.3672277868,0.8766207692
7b5cd3e8-235b-44d5-a1c9-59d3b6f630b8,FTF,Industrial Management & Technology,0,9.760892347,12.16962557,21.62169584,,,,,0.09760892347,0.1216962557,0.2162169584
762fb35c-5ce5-4d07-8a50-236972399dd7,FTF,Industrial Management & Technology,4500,13.61390706,17.26548353,38.76057559,,,,,0.1361390706,0.1726548353,0.3876057559
1dd0d195-476a-4ffd-b874-5c7006207f47,FTF,Industrial Management & Technology,10500,22.72774175,32.72582194,100.1201836,,,,,0.2272774175,0.3272582194,1.001201836
861f86f2-18ab-48eb-bcf3-b143d13d76ad,FTF,Industrial Technology,0,6.690545867,8.232327308,12.93018622,,,,,0.06690545867,0.08232327308,0.1293018622
3a171351-912d-460f-a001-fcdb1eaa1aee,FTF,Industrial Technology,4500,9.083970395,11.01048795,17.60183747,,,,,0.09083970395,0.1101048795,0.1760183747
34c9686a-9e16-4cd3-82a1-ee164eb12b61,FTF,Industrial Technology,10500,13.35963037,16.37690683,29.8417556,,,,,0.1335963037,0.1637690683,0.298417556
5230f91a-66ca-404c-a6a7-ac41b91e7e26,FTF,Information Systems,0,11.03256157,12.96015345,18.77641069,,,,,0.1103256157,0.1296015345,0.1877641069
e88f1153-3e2d-472b-b86d-f1db9ea2a8e2,FTF,Information Systems,4500,14.02544986,16.42234993,24.29369187,,,,,0.1402544986,0.1642234993,0.2429369187
01ba6f4b-5ce0-4851-8a2e-d894a0ba7dd6,FTF,Information Systems,10500,19.29682536,22.87876954,37.42157397,,,,,0.1929682536,0.2287876954,0.3742157397
6e546f58-2c12-474a-be2b-f47e6cb0e558,FTF,Interior Design,0,NA,NA,NA,,,,,NA,NA,NA
ab28c772-25ec-40f0-ae02-fa215ed283b4,FTF,Interior Design,4500,NA,NA,NA,,,,,NA,NA,NA
1dd861e2-7812-4166-b898-dfef577431f2,FTF,Interior Design,10500,NA,NA,NA,,,,,NA,NA,NA
ca3432f8-b01c-406e-9dd7-3eacf00a0af0,FTF,International Business,0,NA,12.05985415,19.43505395,,,,,NA,0.1205985415,0.1943505395
dac2e84e-0dae-4ce9-b776-6117f1c4ff17,FTF,International Business,4500,13.3115397,16.27880833,28.13841815,,,,,0.133115397,0.1627880833,0.2813841815
79308138-051b-4c3f-9a08-0fca15363a24,FTF,International Business,10500,20.17048602,25.68871138,54.95130683,,,,,0.2017048602,0.2568871138,0.5495130683
fe4a7858-75e7-4705-ae62-39f0774f9f26,FTF,International Studies,0,NA,NA,NA,,,,,NA,NA,NA
9d5edf62-1606-4531-93b2-052ee0457a67,FTF,International Studies,4500,NA,NA,NA,,,,,NA,NA,NA
69eb3c7a-5d97-46db-9677-2fd5b7cefb44,FTF,International Studies,10500,NA,NA,NA,,,,,NA,NA,NA
a6474291-f094-4f41-a1e2-74e28f1fe405,FTF,Japanese,0,NA,NA,NA,,,,,NA,NA,NA
f55afd2b-bc79-427f-babc-c227e0ed77ea,FTF,Japanese,4500,NA,NA,NA,,,,,NA,NA,NA
3e9132af-5570-4fba-82d7-b6d7f8da430d,FTF,Japanese,10500,NA,NA,NA,,,,,NA,NA,NA
a9d59275-3d57-4773-ac6c-4625c51b0b32,FTF,Jewish Studies,0,8.586685657,10.59006027,17.62567417,,,,,0.08586685657,0.1059006027,0.1762567417
2b5d7934-9a1d-402b-b6b1-337bb2c1f957,FTF,Jewish Studies,4500,11.74977691,14.54393892,27.20796935,,,,,0.1174977691,0.1454393892,0.2720796935
eef2fe40-06fa-47f1-bc66-38979b8d99ac,FTF,Jewish Studies,10500,18.36570222,24.29194833,68.62292366,,,,,0.1836570222,0.2429194833,0.6862292366
08db4eb1-ab4f-49dd-a90a-4a8bc2973967,FTF,Journalism,0,8.739424581,11.102485,20.76286381,,,,,0.08739424581,0.11102485,0.2076286381
190e50a3-7a40-423c-90bb-f3217c35297b,FTF,Journalism,4500,12.53503513,16.22375016,40.22899566,,,,,0.1253503513,0.1622375016,0.4022899566
89ec102c-41be-4a54-b220-daf3faeb7ae3,FTF,Journalism,10500,21.93951324,33.02627515,142.6431055,,,,,0.2193951324,0.3302627515,1.426431055
49b671e4-8a26-4fed-a9a2-fd2df0741348,FTF,Kinesiology,0,7.358417965,9.224036486,15.92259248,,,,,0.07358417965,0.09224036486,0.1592259248
87ee2ce3-1b5a-4231-936f-c6dc5dd5f5d3,FTF,Kinesiology,4500,10.30728046,12.94288921,26.12129023,,,,,0.1030728046,0.1294288921,0.2612129023
a193c5a4-58ac-4c31-86ee-d7dd00a1c170,FTF,Kinesiology,10500,16.65389479,22.82016218,91.1460677,,,,,0.1665389479,0.2282016218,0.911460677
d021367b-fa79-4751-8ff0-e4dfc29c2dd2,FTF,Labor Studies,0,9.244694613,11.43283945,19.37439569,,,,,0.09244694613,0.1143283945,0.1937439569
b98d2d9f-56b2-49ea-9aec-c4c090482662,FTF,Labor Studies,4500,12.71507241,15.84944115,30.73098727,,,,,0.1271507241,0.1584944115,0.3073098727
dfee6f72-0e68-4839-a9d6-bf09a5a102f4,FTF,Labor Studies,10500,20.23060184,27.21275427,82.28572458,,,,,0.2023060184,0.2721275427,0.8228572458
8ca6b6e6-f9e9-426c-8ca5-230ec1b22a7b,FTF,Land Resource Management,0,8.937908582,10.99252758,18.03617933,,,,,0.08937908582,0.1099252758,0.1803617933
5e39853b-fa40-4c3c-b147-3b5b22ba5100,FTF,Land Resource Management,4500,12.17670428,15.00003369,26.57025528,,,,,0.1217670428,0.1500003369,0.2657025528
51e6e9be-da80-49de-adf4-25f2062768a3,FTF,Land Resource Management,10500,18.74892288,24.15167288,55.46268687,,,,,0.1874892288,0.2415167288,0.5546268687
0ea5e02a-d487-4075-8acd-ecf79e84e13c,FTF,Landscape Architecture,0,9.201773744,11.46093667,19.78010276,,,,,0.09201773744,0.1146093667,0.1978010276
aedf3aab-7794-47da-ae05-f30ae847d912,FTF,Landscape Architecture,4500,12.79313365,16.07129445,31.64053101,,,,,0.1279313365,0.1607129445,0.3164053101
ae505e04-a5d2-43dc-8e3c-aa72c137901f,FTF,Landscape Architecture,10500,20.68199817,28.0017273,87.67727615,,,,,0.2068199817,0.280017273,0.8767727615
96a63f26-80f0-44d6-ba8a-599c86cb5f3d,FTF,Latin/Central American Studies,0,7.155805979,8.931168819,15.13078188,,,,,0.07155805979,0.08931168819,0.1513078188
fe6a0e48-8eff-4810-b2fc-31fe9a955255,FTF,Latin/Central American Studies,4500,9.952907181,12.40880873,23.92178959,,,,,0.09952907181,0.1240880873,0.2392178959
88e5ea05-08c3-46da-aed4-2afab2a1aafd,FTF,Latin/Central American Studies,10500,15.78950049,21.17948073,121.3990008,,,,,0.1578950049,0.2117948073,1.213990008
63461fb2-a646-4e1c-a41e-1c7dbf37f3eb,FTF,Liberal Studies,0,8.402869184,10.35840511,17.09288108,,,,,0.08402869184,0.1035840511,0.1709288108
83ebc25f-3df2-42b2-844c-4d22f819b59d,FTF,Liberal Studies,4500,11.48415992,14.17350246,25.70116355,,,,,0.1148415992,0.1417350246,0.2570116355
3c2a7dab-baf9-49a5-b8bc-ecfc78ea1a46,FTF,Liberal Studies,10500,17.78516858,23.17378807,64.33269501,,,,,0.1778516858,0.2317378807,0.6433269501
d5c0778e-c0cc-4b7d-bf79-1f17efc7c2ab,FTF,Linguistics,0,NA,NA,NA,,,,,NA,NA,NA
cf8fe573-8f63-4f14-b1fc-2e7192ca73be,FTF,Linguistics,4500,NA,NA,NA,,,,,NA,NA,NA
7230607b-b822-4729-ad92-db3aa1aab124,FTF,Linguistics,10500,NA,NA,NA,,,,,NA,NA,NA
f6f7f7b6-d80c-4605-86b5-e4f416d81e9c,FTF,Management,0,10.60178229,13.076644,22.18071329,,,,,0.1060178229,0.13076644,0.2218071329
123fe21d-b00d-4229-9930-bae38aa39c4f,FTF,Management,4500,14.53853109,18.13232029,35.01466763,,,,,0.1453853109,0.1813232029,0.3501466763
432b014b-1c72-4e9b-852b-d05819bf7d28,FTF,Management,10500,23.16192095,31.0893169,101.5759832,,,,,0.2316192095,0.310893169,1.015759832
4e74fbd0-b850-4490-b24a-688501880e4d,FTF,Management Systems Analysis / Operations Research,0,9.278338663,11.54441795,19.79305214,,,,,0.09278338663,0.1154441795,0.1979305214
ffccb1ab-e300-46f8-8af7-017f108d996d,FTF,Management Systems Analysis / Operations Research,4500,12.87744914,16.14127792,30.99237534,,,,,0.1287744914,0.1614127792,0.3099237534
55141184-8964-4aaa-b670-5635eb779a7f,FTF,Management Systems Analysis / Operations Research,10500,20.67268201,27.65263395,81.28097612,,,,,0.2067268201,0.2765263395,0.8128097612
eb94a137-ba8e-49a1-bf12-a97232322365,FTF,Manufacturing Engineering,0,11.11504269,13.57130964,22.01778776,,,,,0.1111504269,0.1357130964,0.2201778776
3f407327-c38b-4e67-8f77-dae0de6adc7f,FTF,Manufacturing Engineering,4500,14.99387877,18.38684958,32.16881112,,,,,0.1499387877,0.1838684958,0.3216881112
30bcb927-f5b4-4137-8755-713b62d097b6,FTF,Manufacturing Engineering,10500,22.86660594,29.28121602,58.25524823,,,,,0.2286660594,0.2928121602,0.5825524823
c319cbdc-eed9-482c-958b-6bf0b209c0ce,FTF,Manufacturing Engineering Technology,0,10.4799573,13.07594842,23.1437359,,,,,0.104799573,0.1307594842,0.231437359
09b0bcbf-2b0c-4c4c-aac3-afa7ace67180,FTF,Manufacturing Engineering Technology,4500,14.63567629,18.5607927,38.92397744,,,,,0.1463567629,0.185607927,0.3892397744
ddbb86bf-8d94-4d07-928e-10ae94738122,FTF,Manufacturing Engineering Technology,10500,24.28075987,33.86882947,119.1401703,,,,,0.2428075987,0.3386882947,1.191401703
42d02ff6-4b96-40b4-a775-ec9f6ee9ec14,FTF,Marine Biology,0,8.397395443,10.50998699,19.01376808,,,,,0.08397395443,0.1050998699,0.1901376808
df54ad21-5d18-4b48-9366-74aa413e94a1,FTF,Marine Biology,4500,11.77282501,14.99441217,#NUM!,,,,,0.1177282501,0.1499441217,#NUM!
7ba58961-a983-4eba-a7d1-ad3de261bb1f,FTF,Marine Biology,10500,20.09028513,32.60567172,164.3075455,,,,,0.2009028513,0.3260567172,1.643075455
fbcb29c9-186a-4e42-8ec0-19274ea1e882,FTF,Marketing,0,9.881839897,12.08227239,19.88582396,,,,,0.09881839897,0.1208227239,0.1988582396
a49c8b82-34d2-4c2a-8b01-50c750edd2c4,FTF,Marketing,4500,13.36341417,16.46300033,30.35124369,,,,,0.1336341417,0.1646300033,0.3035124369
f99286b7-b59b-44c2-b562-418579e50d4a,FTF,Marketing,10500,20.70617483,27.21366028,78.75205153,,,,,0.2070617483,0.2721366028,0.7875205153
2eb1e792-a8da-4dc2-8588-675bc6fd3ca0,FTF,Materials Engineering,0,21.06067557,24.89725279,38.49322597,,,,,0.2106067557,0.2489725279,0.3849322597
35212ab3-3451-4f54-91fe-e4c8e22e11d7,FTF,Materials Engineering,4500,27.12909723,32.51938633,58.04828839,,,,,0.2712909723,0.3251938633,0.5804828839
aec0ef0e-928c-41b4-b547-1713690aa100,FTF,Materials Engineering,10500,39.9372737,51.821784,152.4718347,,,,,0.399372737,0.51821784,1.524718347
74aaf885-25ea-4e06-864b-6805197659fc,FTF,Mathematics,0,9.644623827,11.74170373,18.99241074,,,,,0.09644623827,0.1174170373,0.1899241074
a309eac2-4437-4d2e-9374-f72c81a86b74,FTF,Mathematics,4500,12.95172175,15.84638768,28.35365852,,,,,0.1295172175,0.1584638768,0.2835365852
10f3da33-851d-4b03-ae48-eb9ebf20e207,FTF,Mathematics,10500,19.73923933,25.58067236,64.03093357,,,,,0.1973923933,0.2558067236,0.6403093357
d7f9112f-8cc2-470f-8989-3d361480e80a,FTF,Mechanical Engineering,0,19.18673616,22.36591233,33.66064294,,,,,0.1918673616,0.2236591233,0.3366064294
a9fcddab-0eee-446c-8e20-80e255884b89,FTF,Mechanical Engineering,4500,24.22181375,28.71032356,49.0452431,,,,,0.2422181375,0.2871032356,0.490452431
42edb163-2ef2-43d9-b1e3-85631d4ba0d5,FTF,Mechanical Engineering,10500,34.84787403,44.35016086,116.2756136,,,,,0.3484787403,0.4435016086,1.162756136
f4f99101-10cf-4f91-9c3d-d7b1a0e6a900,FTF,Mechanical Engineering Technology,0,9.244694613,11.43283945,19.37439569,,,,,0.09244694613,0.1143283945,0.1937439569
fb85a991-07ce-494a-870a-53c5fadc9ab7,FTF,Mechanical Engineering Technology,4500,12.71507241,15.84944115,30.73098727,,,,,0.1271507241,0.1584944115,0.3073098727
43b7f953-55a1-4cb5-b725-51cf460aaf1a,FTF,Mechanical Engineering Technology,10500,20.23060184,27.21275427,82.28572458,,,,,0.2023060184,0.2721275427,0.8228572458
2a0872eb-a694-4164-85fb-3c3281a7de88,FTF,Medical Technology,0,14.58582132,17.18672525,26.37308355,,,,,0.1458582132,0.1718672525,0.2637308355
8494014e-389e-49b4-a752-33c02c776a7d,FTF,Medical Technology,4500,18.69769291,22.34309063,39.36749146,,,,,0.1869769291,0.2234309063,0.3936749146
8a741018-f851-43ab-bd41-44cf3fb4bb70,FTF,Medical Technology,10500,27.34465506,35.27613172,80.35454747,,,,,0.2734465506,0.3527613172,0.8035454747
63563649-7d7d-4f98-bd82-3a36ad01a38d,FTF,Mexican-American Studies,0,7.810879544,9.709095483,16.34537561,,,,,0.07810879544,0.09709095483,0.1634537561
bc6231c7-ac11-4351-b143-c6262dee0e52,FTF,Mexican-American Studies,4500,10.80538374,13.44227297,25.24605025,,,,,0.1080538374,0.1344227297,0.2524605025
be6ac767-9b84-4b31-b1e6-982f652e1a01,FTF,Mexican-American Studies,10500,17.04139937,22.57475951,62.28477803,,,,,0.1704139937,0.2257475951,0.6228477803
e81317b6-7571-4882-87cf-5fcd21e94dda,FTF,Microbiology,0,NA,NA,NA,,,,,NA,NA,NA
6e6287a2-6971-4101-b759-d361e407d379,FTF,Microbiology,4500,NA,NA,NA,,,,,NA,NA,NA
6c3cd835-b58c-4995-bee5-0d19b0e5ce4f,FTF,Microbiology,10500,NA,NA,NA,,,,,NA,NA,NA
7bd56e2b-cf8a-4fc6-8eee-7b144434c144,FTF,Multimedia,0,NA,NA,NA,,,,,NA,NA,NA
11570eea-86f9-4121-a30e-e07abc742481,FTF,Multimedia,4500,NA,NA,NA,,,,,NA,NA,NA
6e1e0e48-800f-427e-98c7-4a26f7634fe5,FTF,Multimedia,10500,NA,NA,NA,,,,,NA,NA,NA
c0fa849c-a28c-43df-b39b-f7f67eb64fa8,FTF,Music,0,NA,NA,NA,,,,,NA,NA,NA
6ab52651-bd9e-4446-ab60-81ff3126c6e2,FTF,Music,4500,NA,NA,NA,,,,,NA,NA,NA
6282f939-0f99-449c-9ee2-9312069a7051,FTF,Music,10500,NA,NA,NA,,,,,NA,NA,NA
dd503874-6620-4dcc-ac95-f683ccafd304,FTF,Major,In School Earnings,fin_aid_0,fin_aid_3000,fin_aid_10000,,,,,Fin Aid $0,"Fin Aid $3,000","Fin Aid $10,000"
c85f2a17-8f29-404d-b0a8-9ab1a2888e76,FTF,Music - Performance,0,NA,NA,NA,,,,,NA,NA,NA
9167c663-9b77-43c6-aea6-3832c0a1aeee,FTF,Music - Performance,4500,NA,NA,NA,,,,,NA,NA,NA
de8e2f3b-a1e9-4fbf-9659-c5b5691e8222,FTF,Music - Performance,10500,NA,NA,NA,,,,,NA,NA,NA
b0130185-8486-48f8-b573-611fb312abda,FTF,Music Education,0,10.19931646,12.58791371,21.25217113,,,,,0.1019931646,0.1258791371,0.2125217113
dff6d0bf-1bc4-419d-bc46-23c4993c6116,FTF,Music Education,4500,13.99197776,17.42253679,33.15581224,,,,,0.1399197776,0.1742253679,0.3315581224
468f5fce-c61c-43c8-8c65-f752a3d123f0,FTF,Music Education,10500,22.17491129,29.55318496,88.07587123,,,,,0.2217491129,0.2955318496,0.8807587123
c2f7ba1a-d398-47d5-8f23-bd0d35629285,FTF,Natural Science,0,9.083306897,11.26350114,19.43308326,,,,,0.09083306897,0.1126350114,0.1943308326
786fde5b-4d38-4f75-b3d7-1a768fdf0f10,FTF,Natural Science,4500,12.54956169,15.7359348,33.39678087,,,,,0.1254956169,0.157359348,0.3339678087
e1dd25f0-fa98-45ae-8044-68b83a3a5198,FTF,Natural Science,10500,20.35692382,28.52754339,64.07761336,,,,,0.2035692382,0.2852754339,0.6407761336
234b21ca-83ac-4286-9468-34f448ee96d0,FTF,Nursing,0,NA,NA,NA,,,,,NA,NA,NA
6c133c7e-44e6-45d2-9221-1e377857e753,FTF,Nursing,4500,NA,NA,NA,,,,,NA,NA,NA
a38b9cdb-bdbe-4b99-aa82-4fa777d3dfab,FTF,Nursing,10500,NA,NA,NA,,,,,NA,NA,NA
5fd69d31-5aae-4715-a224-31dc63a8b6c3,FTF,Occupational Studies,0,9.244694613,11.43283945,19.37439569,,,,,0.09244694613,0.1143283945,0.1937439569
1b30b139-0d44-4ecb-8b3d-1d3f9b9fd21d,FTF,Occupational Studies,4500,12.71507241,15.84944115,30.73098727,,,,,0.1271507241,0.1584944115,0.3073098727
f7121532-041d-4a16-b987-059a4f4558f6,FTF,Occupational Studies,10500,20.23060184,27.21275427,82.28572458,,,,,0.2023060184,0.2721275427,0.8228572458
5f165b65-7d4e-4d66-986a-dd216e3f230d,FTF,Occupational Therapy,0,9.843764324,12.2006329,20.85301307,,,,,0.09843764324,0.122006329,0.2085301307
733cb152-e9e6-4601-a656-4e0a04cb726f,FTF,Occupational Therapy,4500,13.59151389,17.00934095,32.74616798,,,,,0.1359151389,0.1700934095,0.3274616798
7121ea74-8242-4759-94ca-31cbf09ccfc4,FTF,Occupational Therapy,10500,21.78187918,29.18845413,86.77338657,,,,,0.2178187918,0.2918845413,0.8677338657
7951d6df-878e-4adf-8ad9-89579df6769c,FTF,Performing Arts,0,9.212054691,11.63914937,23.25812426,,,,,0.09212054691,0.1163914937,0.2325812426
f844c48b-5354-4db1-a963-56686ab08e14,FTF,Performing Arts,4500,13.14490405,17.24691568,NA,,,,,0.1314490405,0.1724691568,NA
b3736cc9-1289-4de2-99f8-24651a34745f,FTF,Performing Arts,10500,25.17288433,NA,65.92897627,,,,,0.2517288433,NA,0.6592897627
2bfb9964-a47e-4314-83ed-97350c31a921,FTF,Philosophy,0,7.431261641,9.369602115,16.55076819,,,,,0.07431261641,0.09369602115,0.1655076819
fb740121-7576-4486-9772-1a4bb24631c8,FTF,Philosophy,4500,10.50637108,13.3109823,28.06310963,,,,,0.1050637108,0.133109823,0.2806310963
470b96b9-4616-4c6a-abda-87c0182c79af,FTF,Philosophy,10500,17.35673122,24.28778785,83.2521364,,,,,0.1735673122,0.2428778785,0.832521364
54f2b8ce-1ba9-4268-abf4-78b654b5072d,FTF,Physics,0,6.752301525,8.489101055,14.6544533,,,,,0.06752301525,0.08489101055,0.146544533
a6c9fc6e-1e63-4b87-abdd-49c9ca4ea6a7,FTF,Physics,4500,9.491233821,11.9166562,24.42495237,,,,,0.09491233821,0.119166562,0.2442495237
b14c5e3c-7fce-402a-ac57-3799b1401998,FTF,Physics,10500,15.32881479,21.14133695,71.60261153,,,,,0.1532881479,0.2114133695,0.7160261153
1bf5db87-fdb9-4deb-8315-f4ba8838c5e6,FTF,Physiology,0,6.85683319,8.459749413,13.64833807,,,,,0.0685683319,0.08459749413,0.1364833807
f3bbbe8c-28b0-4f4d-bfae-0bd575b03610,FTF,Physiology,4500,9.360496787,11.45394764,19.83127787,,,,,0.09360496787,0.1145394764,0.1983127787
bbff8acb-072c-41e1-aaba-333b12a89a97,FTF,Physiology,10500,14.15898663,18.0444128,42.53436851,,,,,0.1415898663,0.180444128,0.4253436851
f774a57a-9c11-4f55-8cfe-82106df53036,FTF,Political Science,0,7.294862604,9.072956691,15.0161685,,,,,0.07294862604,0.09072956691,0.150161685
6db8b087-5491-4a01-a1d7-3abfd0990db6,FTF,Political Science,4500,10.08531427,12.47241957,22.22053042,,,,,0.1008531427,0.1247241957,0.2222053042
bfa981eb-8422-44bd-9041-1e808acc90e9,FTF,Political Science,10500,15.61226644,20.15493205,50.58632572,,,,,0.1561226644,0.2015493205,0.5058632572
cbeaf93a-5bc7-4140-be95-1061291ffd6e,FTF,Production and Operations Management,0,11.67412235,14.14703812,22.38260573,,,,,0.1167412235,0.1414703812,0.2238260573
a1b02d15-6d07-4b1e-8a76-ed10c69f6c39,FTF,Production and Operations Management,4500,15.56577825,18.90127045,31.48572028,,,,,0.1556577825,0.1890127045,0.3148572028
163dd5ca-9b90-4384-b363-177596109e65,FTF,Production and Operations Management,10500,23.18162824,29.00639478,64.91253342,,,,,0.2318162824,0.2900639478,0.6491253342
dda547b7-05ff-454e-95fd-6bc106320074,FTF,Psychology,0,7.08325798,8.946435912,15.67161948,,,,,0.0708325798,0.08946435912,0.1567161948
70ad65f7-d2c3-4297-8484-9eddf6e39594,FTF,Psychology,4500,10.03018112,12.67369129,25.85128798,,,,,0.1003018112,0.1267369129,0.2585128798
855c3d13-2b1f-4116-a906-0977de0a91b4,FTF,Psychology,10500,16.40807507,22.59263193,85.26158004,,,,,0.1640807507,0.2259263193,0.8526158004
cf8c0917-66ee-4905-a570-f8b512e02ea0,FTF,Public Administration,0,8.876704472,11.00134883,18.37902023,,,,,0.08876704472,0.1100134883,0.1837902023
b7fb872d-623d-4d77-9cb4-0c8bd9057088,FTF,Public Administration,4500,12.23252241,15.18477999,27.41061281,,,,,0.1223252241,0.1518477999,0.2741061281
72fbc068-f849-409b-8544-02c7988f0da3,FTF,Public Administration,10500,19.1308244,24.84427043,58.84253065,,,,,0.191308244,0.2484427043,0.5884253065
c7083738-bebf-4ef0-84f7-b352ed07ddad,FTF,Public Health,0,9.362429056,11.74041066,21.76451707,,,,,0.09362429056,0.1174041066,0.2176451707
f6c49500-c5cb-41f3-b9b8-2812628026eb,FTF,Public Health,4500,13.1851949,16.94475193,NA,,,,,0.131851949,0.1694475193,NA
e02f49ed-e820-47f4-91f4-e128cff32b90,FTF,Public Health,10500,23.07625396,38.88846256,153.4949874,,,,,0.2307625396,0.3888846256,1.534949874
819b7399-2c21-4e5e-939e-0b161a5c4aeb,FTF,Public Relations,0,10.61733676,13.39504105,25.49699253,,,,,0.1061733676,0.1339504105,0.2549699253
8387800d-9244-49be-a387-f67f7f3787a5,FTF,Public Relations,4500,15.11205725,19.64799926,69.8190758,,,,,0.1511205725,0.1964799926,0.698190758
3f2ae061-17b9-488a-a583-8cd749186ba3,FTF,Public Relations,10500,27.07660725,44.74279155,170.6854008,,,,,0.2707660725,0.4474279155,1.706854008
76b83ab3-f509-4780-9af8-8f863e79498a,FTF,Radio/Television/Broadcast,0,7.562923983,9.539750184,16.87878257,,,,,0.07562923983,0.09539750184,0.1687878257
4b07bb7a-4135-4ed9-afc7-0f3ef48281ba,FTF,Radio/Television/Broadcast,4500,10.70035299,13.56614426,28.76698022,,,,,0.1070035299,0.1356614426,0.2876698022
f9b504e1-15f5-4e82-8425-54c3fa360e04,FTF,Radio/Television/Broadcast,10500,17.70330781,24.82595616,93.87336099,,,,,0.1770330781,0.2482595616,0.9387336099
f0553021-ce39-4375-83a5-9512074a4af8,FTF,Radiologic Science & Technology,0,18.57598653,22.36932226,36.39391578,,,,,0.1857598653,0.2236932226,0.3639391578
76e2eb1a-e4e4-4358-8de4-f38323686df7,FTF,Radiologic Science & Technology,4500,24.61085626,30.12265251,58.79241777,,,,,0.2461085626,0.3012265251,0.5879241777
b6994228-b37c-44e9-acdb-51e29dcf7149,FTF,Radiologic Science & Technology,10500,37.93790374,51.21189923,109.6520611,,,,,0.3793790374,0.5121189923,1.096520611
2a61b53d-277c-4b3c-bc4f-5e792ba6f9c8,FTF,Real Estate,0,10.57420676,12.9588396,21.30020428,,,,,0.1057420676,0.129588396,0.2130020428
d5087f7d-cd54-4917-b105-344f125806db,FTF,Real Estate,4500,14.34580212,17.67994143,31.78497728,,,,,0.1434580212,0.1767994143,0.3178497728
c262303f-1bee-43d1-bc3b-e3b03b97f45a,FTF,Real Estate,10500,22.15551015,28.7427194,75.79778582,,,,,0.2215551015,0.287427194,0.7579778582
6d28cdf4-2759-4323-927e-5969be1ddb49,FTF,Recreation Management & Administration: 21021 + 21031,0,8.383023407,10.33599181,17.12231898,,,,,0.08383023407,0.1033599181,0.1712231898
09525eb4-34e0-401a-8f83-41bfbede7101,FTF,Recreation Management & Administration: 21021 + 21031,4500,11.46249188,14.1641591,26.12512677,,,,,0.1146249188,0.141641591,0.2612512677
99552328-7d76-42c8-baa8-dc74f912dd02,FTF,Recreation Management & Administration: 21021 + 21031,10500,17.82900964,23.42505159,77.50925441,,,,,0.1782900964,0.2342505159,0.7750925441
eb115326-5d7e-45cc-babc-4cd90b0cc5a8,FTF,Recreation Management & Administration: 21031,0,7.555726074,9.272242437,14.8397536,,,,,0.07555726074,0.09272242437,0.148397536
54908a2e-a0f3-4bfc-b462-f17ad33bf814,FTF,Recreation Management & Administration: 21031,4500,10.23999435,12.49123385,21.20495587,,,,,0.1023999435,0.1249123385,0.2120495587
ab9c60b0-4e5e-46f2-ba0e-57c44d84fd07,FTF,Recreation Management & Administration: 21031,10500,15.38241409,19.42276622,45.8909646,,,,,0.1538241409,0.1942276622,0.458909646
0060f386-4bf1-4e50-bcba-dafd8763737d,FTF,Rehabilitation Counseling,0,NA,NA,NA,,,,,NA,NA,NA
c07f29e2-2883-4400-9b4e-036e72221c25,FTF,Rehabilitation Counseling,4500,NA,NA,NA,,,,,NA,NA,NA
17e3843a-7d47-4850-a3c2-0037593474b5,FTF,Rehabilitation Counseling,10500,NA,NA,NA,,,,,NA,NA,NA
5acd8b4c-8dfe-4463-b0e4-01c25f0f7815,FTF,Religious Studies,0,4.912866901,6.200457904,10.04048151,,,,,0.04912866901,0.06200457904,0.1004048151
f02cf781-8880-47d3-8e31-ad18a70714cb,FTF,Religious Studies,4500,6.903179754,8.477884127,13.95748398,,,,,0.06903179754,0.08477884127,0.1395748398
f3295b03-6ad2-4af9-bb3e-58ed0a6f302d,FTF,Religious Studies,10500,10.39119298,12.89968013,24.58295436,,,,,0.1039119298,0.1289968013,0.2458295436
de32bc60-05d1-443f-95b9-54b569a2f415,FTF,Social Science,0,4.772432547,5.977585214,9.342959087,,,,,0.04772432547,0.05977585214,0.09342959087
9251c1d7-4894-4376-bb69-27446a528c6d,FTF,Social Science,4500,6.621739653,8.022642816,12.26407451,,,,,0.06621739653,0.08022642816,0.1226407451
8db0ce0a-5eba-480b-b534-84e78b2a0349,FTF,Social Science,10500,9.628335936,11.53593332,18.35183158,,,,,0.09628335936,0.1153593332,0.1835183158
529d04bb-18f3-4e19-b37b-16ecd2a7097c,FTF,Social Work,0,7.862793533,9.874316139,17.41224007,,,,,0.07862793533,0.09874316139,0.1741224007
3e755a6b-21c7-4154-8b0d-2583bf4e64ea,FTF,Social Work,4500,11.05918076,13.99703144,29.67537097,,,,,0.1105918076,0.1399703144,0.2967537097
e022a44c-956d-40e0-9aa5-90153ac912f7,FTF,Social Work,10500,18.26479112,25.63468459,99.69792369,,,,,0.1826479112,0.2563468459,0.9969792369
a529054b-a88e-4723-93df-dc80e268cfe0,FTF,Sociology,0,7.304815605,9.064433394,14.98586347,,,,,0.07304815605,0.09064433394,0.1498586347
1116452a-30b0-4f3f-8cc2-9907fc66b68c,FTF,Sociology,4500,10.06737715,12.43921359,22.42634725,,,,,0.1006737715,0.1243921359,0.2242634725
f5d49dc7-14b4-4975-a021-7c9d1884c8b4,FTF,Sociology,10500,15.58684087,20.24556936,48.9004555,,,,,0.1558684087,0.2024556936,0.489004555
3be61cd6-844c-4e4b-9929-643afe59e6b7,FTF,Spanish,0,7.266796712,9.061590195,15.23339242,,,,,0.07266796712,0.09061590195,0.1523339242
08f438dd-741b-458e-9c3d-fffce4c89e49,FTF,Spanish,4500,10.09121893,12.5496726,23.41039133,,,,,0.1009121893,0.125496726,0.2341039133
642578b0-247f-4266-9e2b-cfc5cc8a2ad9,FTF,Spanish,10500,15.87430425,20.95547354,67.14030527,,,,,0.1587430425,0.2095547354,0.6714030527
e47bd3fe-251c-47f0-80a1-bf78c98c1b1d,FTF,Speech Communication,0,7.928843054,9.972869035,17.60239942,,,,,0.07928843054,0.09972869035,0.1760239942
efa06c98-cdcd-477c-8416-f5b71b9e31dd,FTF,Speech Communication,4500,11.17704861,14.15816754,29.5642691,,,,,0.1117704861,0.1415816754,0.295642691
ca187270-637f-411a-b4cd-95ebfc66274b,FTF,Speech Communication,10500,18.45661874,25.70858493,96.83398951,,,,,0.1845661874,0.2570858493,0.9683398951
c3922669-d17f-4fd2-a375-70a59b65091f,FTF,Speech Language Pathology,0,8.560711344,10.63216047,18.41382129,,,,,0.08560711344,0.1063216047,0.1841382129
453fc83c-6bca-4f4e-8ac5-f8c36b742b79,FTF,Speech Language Pathology,4500,11.85155742,14.875282,32.88022581,,,,,0.1185155742,0.14875282,0.3288022581
54c83a6c-ca7c-4b59-be1a-13a80a8e7cac,FTF,Speech Language Pathology,10500,19.3073995,27.51840272,81.68327855,,,,,0.193073995,0.2751840272,0.8168327855
438d3c75-0d1a-4556-8e9e-7362ae68f0b2,FTF,Statistics,0,11.44314626,14.24403198,24.82897966,,,,,0.1144314626,0.1424403198,0.2482897966
c34ed3b8-0fa8-4bc6-bb57-c242a471e3cb,FTF,Statistics,4500,15.92063709,20.09053601,39.76247187,,,,,0.1592063709,0.2009053601,0.3976247187
df4b1005-ae4f-49a1-871c-73b15012c446,FTF,Statistics,10500,25.9790704,35.23175291,87.03313103,,,,,0.259790704,0.3523175291,0.8703313103
513d7e10-22dc-4b32-b0ad-d4a6f569e3d5,FTF,Theatre Arts,0,NA,NA,NA,,,,,NA,NA,NA
2df3ce49-a08a-4531-92b6-e10214325aa6,FTF,Theatre Arts,4500,NA,NA,NA,,,,,NA,NA,NA
990398f5-49dc-4b45-a7bd-988fc5e51745,FTF,Theatre Arts,10500,NA,NA,NA,,,,,NA,NA,NA
f87da214-307e-4d58-9b1c-1defec557637,FTF,Theatre Arts - Performance,0,2.115338107,3.15196376,6.04144211,,,,,0.02115338107,0.0315196376,0.0604144211
ef3c6e4f-fb1e-4a46-a0de-c12af45d5ee3,FTF,Theatre Arts - Performance,4500,3.703148951,4.901452191,8.696173895,,,,,0.03703148951,0.04901452191,0.08696173895
5e5abbb2-91be-42eb-ad03-c2fc1c31eae6,FTF,Theatre Arts - Performance,10500,6.290765284,8.006803455,15.11747744,,,,,0.06290765284,0.08006803455,0.1511747744
cad03149-1a3e-484c-a0ac-2921fb423f25,FTF,Travel and Tourism/Tourism Management,0,NA,NA,NA,,,,,NA,NA,NA
25c45326-3a9a-44ed-983f-8ace79a7b0a5,FTF,Travel and Tourism/Tourism Management,4500,NA,NA,NA,,,,,NA,NA,NA
418495b6-37d5-4f0c-8758-9a75dd8254fe,FTF,Travel and Tourism/Tourism Management,10500,NA,NA,NA,,,,,NA,NA,NA
835a5ee0-2d95-466f-92f8-d029c4905255,FTF,Undeclared/Unknown,0,7.441678664,9.399221387,16.6223875,,,,,0.07441678664,0.09399221387,0.166223875
c3490d72-3a64-4a94-9e37-e8726483bc32,FTF,Undeclared/Unknown,4500,10.54682938,13.3735022,27.90883825,,,,,0.1054682938,0.133735022,0.2790883825
4cbb11dd-face-4c59-b444-97a0844df5b3,FTF,Undeclared/Unknown,10500,17.42668506,24.25848754,82.15519334,,,,,0.1742668506,0.2425848754,0.8215519334
c6e4a95b-f027-48a8-84b2-04a17a060919,FTF,Urban Studies,0,6.151448936,7.707391359,12.76622901,,,,,0.06151448936,0.07707391359,0.1276622901
36164aef-82c7-414f-95e5-efc8236e0141,FTF,Urban Studies,4500,8.582479515,10.62078151,18.82352703,,,,,0.08582479515,0.1062078151,0.1882352703
a1dd627f-1a45-45de-8f31-30bcb10b4e84,FTF,Urban Studies,10500,13.26675863,17.07978292,48.67287838,,,,,0.1326675863,0.1707978292,0.4867287838
4a15cdf2-117e-4708-b5b8-62d50780f7ec,FTF,Women's Studies,0,5.341723122,6.750095109,11.14278165,,,,,0.05341723122,0.06750095109,0.1114278165
58982d35-1d02-44a9-a998-e58126c2fa5a,FTF,Women's Studies,4500,7.530673702,9.315464816,16.0276937,,,,,0.07530673702,0.09315464816,0.160276937
be2c5383-7106-4c98-8113-05e481ac9932,FTF,Women's Studies,10500,11.56154103,14.66096354,37.07027106,,,,,0.1156154103,0.1466096354,0.3707027106
3ec4b66f-4bcb-48f4-be69-934e1b340111,FTF,World Languages and Cultures/Translation,0,6.521423134,8.052867397,12.92488057,,,,,0.06521423134,0.08052867397,0.1292488057
b38f2de4-edec-4b4a-87d2-9a66688f8fea,FTF,World Languages and Cultures/Translation,4500,8.908015658,10.88015778,18.583749,,,,,0.08908015658,0.1088015778,0.18583749
e143080a-a527-4abd-8b15-6bc95dd37c58,FTF,World Languages and Cultures/Translation,10500,13.39756197,16.96060958,26.27578996,,,,,0.1339756197,0.1696060958,0.2627578996
af0d49db-fede-4eca-ad48-f3f843a382dd,FTF,Zoology,0,7.538094774,9.420123631,16.18446647,,,,,0.07538094774,0.09420123631,0.1618446647
d4cb5cf7-e7b3-4487-85f0-99c9825b0775,FTF,Zoology,4500,10.51367722,13.17565363,26.38085788,,,,,0.1051367722,0.1317565363,0.2638085788
13968839-37e1-4f0b-be59-ac022226d161,FTF,Zoology,10500,16.92223986,23.11210726,113.6070082,,,,,0.1692223986,0.2311210726,1.136070082