guid	entry_status	major	in_school_earning	fin_aid_0	fin_aid_3000	fin_aid_10000
8cb49c50-61d4-4c8b-ae69-f4bec32b40db	FTF	Accounting	0	16.65962305	19.54341788	29.25716868
f31c5c8a-c332-4d2f-8ffa-778fa8e08a93	FTF	Accounting	4500	21.19879868	25.10956005	40.85082826
eb68ca3f-48f7-4280-9887-aaeb51d2bffc	FTF	Accounting	10500	30.22420012	37.53984347	81.7440972
51c7b625-5b23-4444-a44a-e849a1ca0a71	FTF	Advertising	0	9.864830665	12.11833592	20.03008071
7f114875-2c7b-46ce-8244-e8f6f7414100	FTF	Advertising	4500	13.42861502	16.58450959	30.15917487
723bb244-8c73-4a98-80b7-839215ab4fe7	FTF	Advertising	10500	20.84774913	27.19614681	72.44765722
d019a8e7-0d9d-4769-b361-fc681e6398c3	FTF	Aerospace Engineering	0	19.9660269	23.22893961	34.59283628
e2f95087-5794-468d-9e99-028ed2d052ca	FTF	Aerospace Engineering	4500	25.11981945	29.65300123	49.61621467
eb9ea54a-d90d-4ec2-97e3-ffc708c80e39	FTF	Aerospace Engineering	10500	35.76906699	45.07882267	107.1580344
ac0171cc-db65-4a6e-81a2-bbee7fa71fd7	FTF	African-American Studies	0			
98d7a75c-2dc4-46e0-8e6d-73b4afd97a52	FTF	African-American Studies	4500			
1c3d1d75-b169-4396-acce-782c2a8ed3da	FTF	African-American Studies	10500			
75943e69-9cfd-47b8-8ca0-c5c4dc7bd7e2	FTF	Agricultural Biology and Plant & Irrigation Science	0	13.73541583	16.77205341	28.37606481
79b83f66-ae26-4929-9973-80ed2105e78c	FTF	Agricultural Biology and Plant & Irrigation Science	4500	18.58117815	23.09392402	50.48204502
47b89571-80e9-4166-a3df-584a96de2f63	FTF	Agricultural Biology and Plant & Irrigation Science	10500	29.7079995	42.03394344	76.79492217
e212796d-3bce-4282-a2cf-d00ec59ec602	FTF	Agricultural Business	0	12.10192496	14.59851515	23.52283788
6415efcc-3df7-4730-9931-c744b1830182	FTF	Agricultural Business	4500	16.05642868	19.59355938	36.01930936
7ce19611-fe7a-4572-96e2-bb12e90bee6c	FTF	Agricultural Business	10500	24.4705886	32.14960843	92.61225086
9c621de0-fbf7-4537-a206-4833be87d11c	FTF	Agriculture/Agricultural Science & Horticulture	0	8.957902155	11.09433739	18.61194412
b8638e59-0b5a-44fe-a430-3e6f37fbe4df	FTF	Agriculture/Agricultural Science & Horticulture	4500	12.33749097	15.33648375	28.0181607
efeeae9c-da6a-4152-957f-7474b11f3c1a	FTF	Agriculture/Agricultural Science & Horticulture	10500	19.38741348	25.32852066	59.78483552
3a944182-fdbb-4873-8d52-329e584bd4b1	FTF	American Studies	0	8.130901896	10.11730759	17.41250401
0757f382-d17b-4e53-8106-5422cab0ac68	FTF	American Studies	4500	11.27936687	14.13394549	29.39301689
33c80a41-ae43-4366-9351-4e5113cbbed6	FTF	American Studies	10500	18.22692079	25.32227316	67.78413278
a7bcb17f-ad7d-4021-b8ee-b5657f14df7d	FTF	Animal Science/Animal Health Science	0	6.782876509	8.573567303	14.91218382
e5a1bcb9-d239-4e26-a123-6fad0b136284	FTF	Animal Science/Animal Health Science	4500	9.608641399	12.11212271	24.02907457
e6abb63c-34c5-46b6-bbb0-8e9255aac2fc	FTF	Animal Science/Animal Health Science	10500	15.59321899	21.18866153	66.32593458
ae23da57-12ad-42bc-9498-61698d4fbdf4	FTF	Anthropology	0	5.629308032	7.204955225	12.55264976
90ea8a9a-c57b-4b73-8ce8-06d229f4d2c8	FTF	Anthropology	4500	8.100780468	10.22711397	20.07720004
6b706609-3f36-46be-97ed-4ea5798d3ffb	FTF	Anthropology	10500	13.11261435	17.70203747	65.31903137
68b22b73-d05e-40d8-af48-14222bddcec9	FTF	Apparel Merchandising and Management	0	9.156067533	11.55550045	21.1684001
d7e1bd43-cbe2-4e2b-b895-cd409024ec1a	FTF	Apparel Merchandising and Management	4500	13.00508365	16.70621244	38.43638627
e7c4fdf2-94b1-4c7b-8a65-77b0efc40f5e	FTF	Apparel Merchandising and Management	10500	22.30428526	32.47300639	116.5696624
84db8a66-ebe9-4c4f-963b-dcfb95ed834e	FTF	Applied Mathematics	0	8.524181915	10.45762535	16.85193774
dc23f771-3af0-4077-acb2-f39986b98fe3	FTF	Applied Mathematics	4500	11.55882485	14.14263546	24.06195997
937a78e0-d44c-4d9b-a7d0-80cba00d86a9	FTF	Applied Mathematics	10500	17.4771855	22.08023749	45.86668457
9500ce21-65e2-4865-9471-ba010d4d978c	FTF	Applied Physics	0	8.950509831	11.04586095	18.50090359
b0d7a1b4-7143-4d4d-8fba-8a98b8ecb146	FTF	Applied Physics	4500	12.26517814	15.21980015	28.79372602
697d0084-2a97-448f-b5d0-639e0e4503f2	FTF	Applied Physics	10500	19.29156014	25.65060387	72.20366028
08aa4568-d59b-493a-a3b2-d2227c0c5481	FTF	Architecture	0	11.9499731	14.41826038	22.8396096
65d71e20-5826-4a7b-b9a1-b9b01fc5c77f	FTF	Architecture	4500	15.84324255	19.23019197	32.8366686
b3038f0a-b1b2-48db-b792-9ba0debf529f	FTF	Architecture	10500	23.68136758	30.01214579	59.984947
3fda5344-93bc-4231-a3f9-5d59169f0b17	FTF	Art	0	6.994742351	8.819296413	15.35253088
d525ac76-7563-49a2-a9fb-e7461351cf0f	FTF	Art	4500	9.877233312	12.4484039	25.2579996
0becba9d-73ed-477c-a90f-ff748ad3a1f2	FTF	Art	10500	16.06497169	22.0624216	71.74652912
0f70d0b3-a0d0-42d6-9058-a253174eeb04	FTF	Art History	0			
8c5f4bed-5205-4ab9-a302-cc46d7c11e1d	FTF	Art History	4500			
817a9118-739f-47bb-a97b-92631ed6d94a	FTF	Art History	10500			
c23aaeb1-5071-4471-bf02-c67ee1935dd7	FTF	Asian/Asian-American Studies	0	6.412277116	7.899652714	12.43407737
74edcb0c-1f85-45d1-9464-705b06900385	FTF	Asian/Asian-American Studies	4500	8.720360901	10.57746039	17.02471443
33c2f827-ef86-44a2-9ea6-547513a3d2a7	FTF	Asian/Asian-American Studies	10500	12.85098077	15.80676184	30.54318074
d2f84479-e838-4fba-b9a5-f89a35f77a03	FTF	Asian/East Asian Studies	0	9.242526056	11.42465681	19.3188293
f27c526f-5af3-40cc-8523-b6267dab25eb	FTF	Asian/East Asian Studies	4500	12.7021252	15.82038734	30.52262388
4f80e04b-db2f-401b-a7a1-363de904546b	FTF	Asian/East Asian Studies	10500	20.16716904	27.06326775	80.42777412
830016e6-33d5-4bc8-93c4-017e81548037	FTF	Athletic Training	0	9.000309821	11.19873928	19.69053112
9c2238c1-1471-4d96-af1f-c030f7dc0284	FTF	Athletic Training	4500	12.50495574	15.78313557	36.63290827
718e492d-36cd-4ed4-b91a-b85dcb547f7a	FTF	Athletic Training	10500	20.68951421	30.12866872	145.0054009
3c142f1f-540b-4437-aecc-e68702c6adf3	FTF	Aviation	0			
ab28783c-a40a-421e-92d0-0ab2367adca3	FTF	Aviation	4500			
9c80b976-ebb2-4e16-a973-9dc2cf082079	FTF	Aviation	10500			
bf2a04ca-f533-4927-b91a-6521906953a2	FTF	Behavioral Science	0	6.657777608	8.205167583	12.90825121
3a0fdd16-ca8b-4dcf-bc49-c1183600c054	FTF	Behavioral Science	4500	9.059203311	10.98889909	17.56468581
61dd922d-0294-4d8f-b0f8-518c36541496	FTF	Behavioral Science	10500	13.33711152	16.34540288	30.00137358
645309e6-7d31-4532-9560-ed18b06e1775	FTF	Biochemistry	0	8.765889958	11.00764488	19.67305098
9a1ab5bf-00d2-46c7-b27e-870ba5e95793	FTF	Biochemistry	4500	12.34366137	15.70034223	34.97051376
3d64a7b7-a178-482b-bf07-f8a5c1ea441e	FTF	Biochemistry	10500	20.67673994	29.65058128	158.803914
fd1c6ded-6e83-463b-b578-c44b55ad762c	FTF	Biology	0	10.11084259	12.34182776	20.45012872
873a9bcb-bdeb-4585-b557-3e27ac34ac6c	FTF	Biology	4500	13.64772384	16.84012148	32.75633487
f3f36af1-350a-4abe-8bcb-6cda837fdfbd	FTF	Biology	10500	21.33409644	28.76197841	98.47776773
4f91561a-0392-449f-bad6-4a140629aacb	FTF	Biomedical Engineering	0	9.998979657	12.50824536	22.68850762
14ad7cb0-4db8-4866-be6b-b993d9d602fd	FTF	Biomedical Engineering	4500	14.02711689	17.92183739	43.89102702
ee8eaa1b-28c8-4382-bd36-ae4e0d88efaa	FTF	Biomedical Engineering	10500	23.92345531	35.75296197	86.12490368
ae89e0c1-5597-48fe-8087-9f9f56153477	FTF	Biomedical Physics	0			
0720184f-ced0-463f-81d0-4e167a3d1205	FTF	Biomedical Physics	4500			
fca3c29a-317c-4945-898e-3610cc6d1834	FTF	Biomedical Physics	10500			
adc7f8c2-5746-418f-942f-9207a5503537	FTF	Biotechnology	0			
8c8e09fa-ef6f-4525-a118-40b05fe48b24	FTF	Biotechnology	4500			
d76b938c-5520-4007-9097-57d8a5d91d7a	FTF	Biotechnology	10500			
83161385-34dc-4114-9834-3a890ed8794f	FTF	Botany	0	9.244694613	11.43283945	19.37439569
1b9ba4b3-5179-4c1f-a0ac-910a86c9ee29	FTF	Botany	4500	12.71507241	15.84944115	30.73098727
53c26022-af5b-4cc0-8764-1598caa9e5b3	FTF	Botany	10500	20.23060184	27.21275427	82.28572458
fd5d9d7c-0baf-4d94-9e50-7a90f0f435db	FTF	Business Administration	0	9.617828914	11.73169032	18.88017293
28c3061a-dce9-4a0c-ba63-7dd5c88b3355	FTF	Business Administration	4500	12.94546714	15.82091074	27.33255476
774cc0fa-badb-4380-9812-44cd43789b26	FTF	Business Administration	10500	19.59343795	24.95157148	56.9100208
c50287d2-c454-4357-8e28-adec871fabd0	FTF	Business Economics	0	9.547179367	11.78640993	19.82947721
4bce49ae-1684-4d36-b969-679ae9aa8792	FTF	Business Economics	4500	13.09656804	16.28466643	30.74489929
47624aa3-2045-4c15-b6a7-4220dc7bb3c3	FTF	Business Economics	10500	20.68184896	27.46549123	84.73261991
0f33c102-d973-4207-a7ad-d069063140be	FTF	Business Law	0	5.162209544	6.463421713	10.20391414
1c2c4db9-6300-4c49-a8d6-b5d2b8c3f76e	FTF	Business Law	4500	7.166468569	8.715738207	13.60592567
7063c5da-09c5-469b-b290-311b359f66dd	FTF	Business Law	10500	10.52941952	12.74290767	21.25770876
974c184c-883f-4704-8a05-8fd966e66c74	FTF	Cell and Molecular Biology	0			
9210a536-767a-4153-969c-419b57cd68aa	FTF	Cell and Molecular Biology	4500			
e5a29db2-bce6-48a5-8184-adefa42bf58e	FTF	Cell and Molecular Biology	10500			
6e650cf4-6d73-4833-9d89-2098e92fea28	FTF	Chemical Engineering	0	20.7815154	24.10075541	35.99517385
afef5b75-a718-40e6-8765-cb280869bf55	FTF	Chemical Engineering	4500	26.03973238	30.74628633	53.30794797
3668f5b2-3618-4b75-94b4-62820c064695	FTF	Chemical Engineering	10500	37.26805145	47.78211019	112.6688352
ddb5d16e-cc62-4d18-b0ff-17c9c81d8536	FTF	Chemistry	0			
d80bfadd-fca8-4d1e-9af7-960b6782d2be	FTF	Chemistry	4500			
da90610a-81eb-4820-b9fb-7a6650eacaff	FTF	Chemistry	10500			
5365181e-8e5a-49cf-bcb1-0600e0d47100	FTF	Child Development	0	7.255012263	9.10130445	15.56073146
a465a6ab-7ab0-4f54-a932-52baf8d7bd95	FTF	Child Development	4500	10.16684601	12.73087599	24.32016025
02e31623-a49a-49dc-b91a-f676375860e9	FTF	Child Development	10500	16.24083984	21.67620482	65.10325447
afa57123-a685-41b1-906d-f1ea97f9b513	FTF	Chinese	0	9.244694613	11.43283945	19.37439569
1b0007f6-32f6-44b9-98fe-7c30346b7b53	FTF	Chinese	4500	12.71507241	15.84944115	30.73098727
5f51269f-af92-46f8-adfb-15fbbcab1ace	FTF	Chinese	10500	20.23060184	27.21275427	82.28572458
9778168d-8485-4528-9046-d9205ddb9e50	FTF	Cinema/Film	0			
dc6f0536-a03c-42be-b37b-391c0962bb96	FTF	Cinema/Film	4500			
060b8c0f-a3ca-428e-8951-30f41d6e6948	FTF	Cinema/Film	10500			
a9d5c618-9dc6-404f-80fe-f4d8e7b4eef8	FTF	City and Regional Planning	0	9.42792437	11.38453963	18.08909341
ae3ac11e-30ca-4ed4-9efd-b55e9fc8e4f0	FTF	City and Regional Planning	4500	12.50741153	15.18274857	26.9615666
0b3e42f5-a327-43d0-ac94-14cb84fa3897	FTF	City and Regional Planning	10500	18.78127237	24.27382671	57.73254844
086e7d0d-5c41-4839-9385-09bd65875fe2	FTF	Civil Engineering	0	16.40806259	19.326229	29.44396112
0661d82b-cb41-4afd-8760-804541218f8b	FTF	Civil Engineering	4500	21.01704298	25.06302174	42.34019574
947f81f5-be32-4704-abe3-6bf49b1e7206	FTF	Civil Engineering	10500	30.48034308	38.53946598	94.71326983
01ff8dcd-5e67-4707-82a1-05d014ae4d61	FTF	Classics	0	7.713791219	9.497718911	15.49104074
3b5adb25-ac5d-43ea-8ed7-d8420e0d46ff	FTF	Classics	4500	10.5139631	12.91504815	23.0763717
f7a2ee26-d6ee-469e-9c25-353afa3663af	FTF	Classics	10500	16.09913908	20.83332092	52.54504899
e8c1cca8-2737-4216-9b59-16b5c68b334b	FTF	Communications	0	9.165453581	11.35532419	19.30172279
235bf220-781a-4bce-a060-92a34d75194f	FTF	Communications	4500	12.63864624	15.77547578	30.64139782
09841020-308e-417a-853b-6f8d6437473d	FTF	Communications	10500	20.15785658	27.13215953	86.51476157
4f7d2fe7-32c5-47f4-9807-ea2c24fa0081	FTF	Communicative Disorders	0	8.207169957	10.24415181	17.70726503
1626539b-a146-4957-92bd-3c9724080622	FTF	Communicative Disorders	4500	11.4373558	14.36637608	29.19133717
f4c76bdc-0869-48c1-af19-7a6942c96dd1	FTF	Communicative Disorders	10500	18.52985715	25.47426803	83.81404553
8c1cd0ef-077e-4bdb-9b0b-931b3f145437	FTF	Comparative Literature	0	6.078252404	7.562566443	12.33336456
120615a0-2aa1-4413-b9de-5610af9d7e0e	FTF	Comparative Literature	4500	8.392633959	10.31563039	18.21911911
9d774d60-87a2-4068-af15-95980393679d	FTF	Comparative Literature	10500	12.80506939	16.46341697	43.76213541
1ca0b71d-48d0-47d0-9e74-427b473fbcb2	FTF	Computer Engineering	0	18.46976223	21.98363584	34.74819679
dee4f22c-e66c-4a53-a37f-379e1ca6e958	FTF	Computer Engineering	4500	24.04551507	29.07883008	54.23141522
785af12a-ec7f-4691-af82-5060492ce92c	FTF	Computer Engineering	10500	36.13412699	47.82661005	139.7490284
5b468aee-bca8-4b37-a0cf-4377aaea4585	FTF	Computer Engineering Technology	0			
7114189c-416b-4576-990b-f37deb634f0d	FTF	Computer Engineering Technology	4500			
3c146c26-9002-4ab1-965e-2e51441a290f	FTF	Computer Engineering Technology	10500			
5f27af4e-4cc8-453b-8abd-42b7bebb7953	FTF	Computer Science and Information Technology	0	17.18241635	20.18488591	30.65227386
3a8371c3-5960-4874-a433-8c1b95420b51	FTF	Computer Science and Information Technology	4500	21.92625239	26.10297238	44.39996177
e28ca534-f5ab-4f32-9707-6ac3c8f2e303	FTF	Computer Science and Information Technology	10500	31.73441704	40.269473	100.5945824
f9463d05-ecfe-4582-94cf-0e28d0d0ca68	FTF	Construction Engineering Technology	0	19.23449521	22.09389866	31.43534
aa9ab15f-33be-4bf5-897b-9ecbc05eb763	FTF	Construction Engineering Technology	4500	23.71829518	27.50449083	41.8543942
bbab09b9-c653-4a63-aa79-5422dfacebea	FTF	Construction Engineering Technology	10500	32.33822469	38.97701735	80.37213225
fab8ef61-cf2f-44b9-8386-25c1a02828b8	FTF	Creative Writing	0	7.560467508	9.380664986	15.81652235
f2947966-104c-4b2d-b860-3645fa7f1426	FTF	Creative Writing	4500	10.43121262	12.96898963	25.84322024
d5a9858d-89e4-48ba-a791-79c76918761f	FTF	Creative Writing	10500	16.51432117	22.4787604	59.65239279
bf50a642-01a5-4b56-af37-cf6569eb814f	FTF	Criminal Justice	0	8.894213035	10.85477846	17.40686332
c6a7828c-3c84-4561-bf9f-bd4f4da3f6c1	FTF	Criminal Justice	4500	11.9740541	14.6121227	25.13226054
04e2497b-7ae8-4086-b887-8d7ff16dad3b	FTF	Criminal Justice	10500	18.05773584	22.95107701	51.72455189
275b59bd-22af-4e02-b1b8-22756caf351e	FTF	Cultural Resources Management	0	8.980444005	11.05871358	18.29840515
bf9413e5-baaa-4267-932b-51e5654b9ebc	FTF	Cultural Resources Management	4500	12.26159138	15.14962955	27.56775525
97738fbb-8ffa-4966-8521-4c48097db204	FTF	Cultural Resources Management	10500	19.04591525	24.85612397	65.87373263
c02b1ca0-95d0-40be-a246-4e434c3e11f3	FTF	Dance	0	4.324636398	5.770585744	10.72507767
2dd27391-4933-4bde-ad11-44a0f283a2ec	FTF	Dance	4500	6.59081333	8.544724169	19.05458078
64bf26d2-97c4-42c9-9b4c-ecf9d8c2be01	FTF	Dance	10500	11.26288451	16.06071093	114.2998644
8023b428-ae55-4969-8352-7f73bca3763a	FTF	Dance - Performance	0	7.571642186	9.315523797	15.10662513
4f73593d-d705-4ac9-a278-8992fedc9fae	FTF	Dance - Performance	4500	10.3050849	12.63112382	22.2612712
2ce1b72c-ec7c-4617-95df-64fc3d262596	FTF	Dance - Performance	10500	15.68782999	20.16821513	48.31685891
9150a752-971f-43ce-a1fc-4ccfdd031d68	FTF	Deaf Studies	0	8.14528154	10.27806302	18.61282853
c2892016-8785-48a8-b3a5-13278a8fea7b	FTF	Deaf Studies	4500	11.55030773	14.76258366	33.8533699
2be863c8-f7b9-4fe5-a424-816df1c7fb4b	FTF	Deaf Studies	10500	19.59536864	28.5202729	125.5476288
0cfbd816-d882-490e-bad5-bd0ce3bae3a7	FTF	Design	0			
c2461206-f7f9-4037-98fb-812666851857	FTF	Design	4500			
89eb8831-d098-4d28-973c-fa50b3278d57	FTF	Design	10500			
e9d73f99-a44b-400e-a55e-c82dd7e9a3da	FTF	Dietetics/Nutritional Science	0	12.72004803	15.84138047	27.99211346
f002d1d3-3eb2-43a3-b89d-cb496aae5833	FTF	Dietetics/Nutritional Science	4500	17.72457414	22.46305548	48.207412
a7cef84a-1fb9-42b8-8c3c-20964de403a5	FTF	Dietetics/Nutritional Science	10500	29.36881343	41.33588216	163.4951185
8239609d-a2b3-407b-858d-4ae49e20c1be	FTF	Earth Science	0	8.803410598	10.81665054	17.67534606
b3e6aa28-4888-4f1f-b0a8-cc8ba05bb502	FTF	Earth Science	4500	11.97383417	14.72502311	25.98146223
5819c1e0-f563-4c44-afe1-3a173cd3cd18	FTF	Earth Science	10500	18.36737032	23.61920573	65.73478034
2ab277bc-af71-4a87-b3a9-b533fa6bc812	FTF	Economics	0	8.60510128	10.46451242	16.66033049
6a96544c-e315-407f-8bee-f3e42756ebce	FTF	Economics	4500	11.5229248	14.0143355	24.13815173
e43a6e0c-a373-4166-89eb-dfdcb02cac30	FTF	Economics	10500	17.27918288	21.99056812	52.07746117
57774bc7-0ffb-4090-9d15-e277feaed3d4	FTF	Education: 08011 + 08031 + 08081 + 08225	0	8.987195774	11.52637191	21.83565565
eee12c92-b2a4-4a6a-a562-874da132e672	FTF	Education: 08011 + 08031 + 08081 + 08225	4500	13.08160624	17.08649254	36.85471111
b965deba-3445-488d-a3bc-cf328615d88a	FTF	Education: 08011 + 08031 + 08081 + 08225	10500	23.0066857	32.39297357	95.28650476
6200f8be-95b7-45bd-a9a9-0021e0edca2e	FTF	Education: 49081	0	13.57507169	16.53485788	26.95338173
67b59d3e-8e31-460f-b989-6ef888432025	FTF	Education: 49081	4500	18.26471725	22.43060264	40.08004831
1f7fc5f3-1177-469a-9cfa-7fc09e950358	FTF	Education: 49081	10500	28.02164948	36.26000345	96.27235022
09599356-973d-4330-98ac-7caa4cbf6663	FTF	Electrical and Electronic Engineering	0	20.37459845	24.11245006	37.26938631
88a90372-c041-46b3-bbf9-c6229a800b0f	FTF	Electrical and Electronic Engineering	4500	26.2824393	31.50776507	55.84853987
a6354a01-6047-4281-a46f-90d0925a3f40	FTF	Electrical and Electronic Engineering	10500	38.65697262	49.98749958	139.9544341
c61e3c85-771a-418b-9a81-0d981274a363	FTF	Electrical Engineering	0	17.87481587	20.8722241	31.08838053
d824d84f-922b-4104-90d4-4e1833e46b28	FTF	Electrical Engineering	4500	22.59836819	26.69753977	43.75530999
f5ac3968-1ed6-46d3-846c-e3c410d39272	FTF	Electrical Engineering	10500	32.12022194	40.06014614	94.26153839
284b419a-fa47-4918-8db0-a59c6dd2d60c	FTF	Electronic Engineering Technology	0	16.18339105	19.10902015	29.31433127
95eb16b4-643c-4de4-aca4-4ac795e03d40	FTF	Electronic Engineering Technology	4500	20.80685282	24.88048933	42.58863604
604257db-2a81-42e5-ac78-30e4c31e3843	FTF	Electronic Engineering Technology	10500	30.36758222	38.63268041	105.69592
e7b8ded9-7721-42ac-a0f5-24e585483f7f	FTF	Engineering	0	17.12343166	20.13750329	30.06908128
f9e4b6e9-501d-404a-b89c-5d65ba8f86aa	FTF	Engineering	4500	21.85688404	25.87868031	41.24402909
72dbe739-8f40-42f3-9d4e-c869123d7450	FTF	Engineering	10500	31.03333753	38.14545146	83.03321967
fef02cee-b7e5-4598-bc44-b16550ec475e	FTF	Engineering Technology	0	16.7538678	20.11384722	32.12113974
2859c1b2-dca7-4772-9731-4d3d0af6bd6a	FTF	Engineering Technology	4500	22.08243471	26.85458777	48.36244151
5888bfea-2b68-4a65-98ab-891ffb97b3ad	FTF	Engineering Technology	10500	33.38311222	43.44084763	193.0296791
6d0816e9-2d03-426c-b665-695ab1191e83	FTF	English	0	8.333680735	10.38695744	17.9266667
2b71fee8-6eae-470d-b929-8647ad1c78d3	FTF	English	4500	11.59063154	14.54817859	29.57369679
f4c2beb3-b518-44de-a5c9-8e2423e3c59b	FTF	English	10500	18.75937555	25.80107735	125.28304
ca9bddc6-d92e-48e7-8768-02f86a185154	FTF	English Literature	0			
22d05a3a-82b1-4260-b63d-144a334811c9	FTF	English Literature	4500			
449437db-aa58-4849-9a6d-e1ef0d71b778	FTF	English Literature	10500			
d05aa5e5-225d-4b2c-bdf4-0ac8acfd2352	FTF	Entrepreneurship & Small Business Management	0	9.692132287	12.01630075	20.72305233
92fbce0f-ecf6-47ea-bbf4-6ad97113f767	FTF	Entrepreneurship & Small Business Management	4500	13.39197866	16.80090825	34.40686038
c5d5007a-1ca1-42b0-b11c-b574a4ba1b6b	FTF	Entrepreneurship & Small Business Management	10500	21.69214009	29.92617854	73.12700962
eaa3137f-6dcf-43e0-867b-6231f2bf39ce	FTF	Environmental and Occupational Health	0	12.0396983	14.28363837	21.45587075
fce022d7-7dec-4131-939b-3bb48414e1a3	FTF	Environmental and Occupational Health	4500	15.54989901	18.47337429	28.98173266
f58b1af7-6e25-4bf9-93a5-e31485cdd02b	FTF	Environmental and Occupational Health	10500	22.13166838	26.96897773	52.61429575
05a02a7a-74ba-4ac2-806e-879e0a4d1a91	FTF	Environmental Biology & Ecology	0	8.495304254	10.62998141	18.93327554
0b38b318-8382-4d3c-9491-c94b0ef7e72c	FTF	Environmental Biology & Ecology	4500	11.89983462	15.09722827	35.44406353
8ac30a86-6d7d-402f-a61a-c0060fc0d7de	FTF	Environmental Biology & Ecology	10500	19.91801917	29.21947371	120.7820757
5f07b93f-e2d6-41c4-b236-d27ed8af9e11	FTF	Environmental Engineering Technology	0	9.244694613	11.43283945	19.37439569
82406f3c-0027-4468-a21a-605210e61fec	FTF	Environmental Engineering Technology	4500	12.71507241	15.84944115	30.73098727
d0f1721a-0757-4a6f-87a7-43f37747259e	FTF	Environmental Engineering Technology	10500	20.23060184	27.21275427	82.28572458
56717743-2688-4485-8131-8872a21dcc6b	FTF	Environmental Studies	0			
b1c3b686-4348-4013-bea6-f1f8e65d2134	FTF	Environmental Studies	4500			
6d668c14-1c8d-4567-b901-6c24d712a303	FTF	Environmental Studies	10500			
434d5a94-7898-4aee-b619-e6cb1688f9e0	FTF	Ethnic Studies	0	3.72325786	4.7912245	7.678375515
9910e2f1-cf9b-42f5-aab8-be8e8923d7b9	FTF	Ethnic Studies	4500	5.35465658	6.562184569	10.0789475
bd0a5d9f-0601-4a65-b8ed-ccf54b466789	FTF	Ethnic Studies	10500	7.916941506	9.488712928	14.34263108
333a7a9d-11b5-43fe-8522-94380bc30e20	FTF	European Studies	0	8.779865926	10.82782812	18.05361889
72d2e685-2a58-499e-b6f3-d0dbbc5245bc	FTF	European Studies	4500	12.01585442	14.88408294	27.91000209
6bd7bdf0-cd6d-4e3c-be06-1f6650ffed49	FTF	European Studies	10500	18.81520307	24.91317685	69.12137423
cd6eaaa9-c762-493e-b486-210addf13921	FTF	Exercise Science	0	9.244694613	11.43283945	19.37439569
588286ae-60b6-4456-97d8-958ad214b8cb	FTF	Exercise Science	4500	12.71507241	15.84944115	30.73098727
a80023e3-3fae-4d4f-90e4-0e3ff1fbada7	FTF	Exercise Science	10500	20.23060184	27.21275427	82.28572458
6af56fb9-2987-4940-8156-f22c6480a3ca	FTF	Family and Consumer Sciences	0	6.090608747	7.831558202	14.0580031
f4a2ffbb-61f9-4c04-a4f9-995a069d920f	FTF	Family and Consumer Sciences	4500	8.839403226	11.28838893	23.35403758
0d7c659e-99c6-437c-86b3-9405891616fb	FTF	Family and Consumer Sciences	10500	14.73774853	20.41770227	83.74022137
09bf6481-031b-4c6c-aade-a4493616f0f8	FTF	Finance	0	10.71778294	12.94042782	20.49040147
c187599a-aa37-4558-9d29-d29568d262ff	FTF	Finance	4500	14.2183699	17.2510312	29.59818182
0652d046-7e1a-40da-8cf6-e6142563343d	FTF	Finance	10500	21.24856316	26.99968725	72.63675348
b982f172-d9e4-49ff-bdcc-ea4f2ee6d7e8	FTF	Fire Protection Administration	0	5.985757709	7.417177856	11.78723271
cf0d5195-9c77-441b-9b7d-3f0c05892ad2	FTF	Fire Protection Administration	4500	8.20637295	9.993440624	16.30485435
0763d5c9-ee1a-4ef5-b918-09513c65fbf9	FTF	Fire Protection Administration	10500	12.1917804	15.08985594	29.92965664
fd9cd424-d304-4332-b46a-9c044562073d	FTF	Food Science and Technology	0			
22cdf9cc-e3c5-4bb8-b0af-f16fd3c5f70d	FTF	Food Science and Technology	4500			
9599f9b8-ed50-413e-bde6-9598018cd770	FTF	Food Science and Technology	10500			
6342eee8-0c1b-4e23-bf69-176b819d7a3e	FTF	French	0	2.399622546	3.389525808	6.048047997
364761e4-399b-46e8-ad06-9921e7372a65	FTF	French	4500	3.909694866	5.021416752	8.271946565
2b79cd9a-e466-4c1c-87cd-a05fbe8ee817	FTF	French	10500	6.267704969	7.721320227	12.94046897
faeff049-8729-4e0c-90db-74a4bd4c1f4c	FTF	Geography	0	5.417548931	6.821259548	11.06353875
4056ce8e-0722-4a68-b79f-6238facbd310	FTF	Geography	4500	7.59263402	9.331592775	15.3301203
d462303b-7b10-438d-929f-fd375720f5b2	FTF	Geography	10500	11.45180229	14.19983474	27.61172917
180f82a1-fc1a-492f-8e0c-d101dfed525f	FTF	Geology	0			
5a4a7633-8781-4922-85dc-5c0971dd2a8c	FTF	Geology	4500			
79135438-0dbc-424f-bf7c-878a1e7b9150	FTF	Geology	10500			
6697eec3-3498-48f9-9699-b71e208fdb11	FTF	German	0	6.501443266	8.036455523	12.92799536
f076151f-6b08-4673-a979-ae0bc429a7ed	FTF	German	4500	8.89419937	10.87389595	18.59533997
4c5c0ae7-9d87-429f-9ec9-e6a95802056e	FTF	German	10500	13.40287209	16.97648104	38.34003894
e0d4e497-1a6a-4107-8208-8eecf0239f35	FTF	Graphic Communications	0	10.82090226	13.76427842	28.23764576
50eaa400-bd08-415f-bf42-d38dba996b0b	FTF	Graphic Communications	4500	15.63064177	20.80084836	
ce221d09-6d67-4c5c-8875-42814ca00281	FTF	Graphic Communications	10500	30.46463367		197.6454156
b557bf75-e450-4401-81d4-810c9926a8bf	FTF	Graphic Design	0	9.82670195	12.41231479	23.03840153
cf83175d-3f46-4efe-ad38-a76b21846d62	FTF	Graphic Design	4500	13.98840769	18.05539213	43.91857797
979b5d84-54bf-4e00-a079-80f2f159957a	FTF	Graphic Design	10500	24.32256324	36.26693148	190.4584919
cf9acf7e-c02b-48b5-aa4f-121796971c53	FTF	Health Care Management/Administration	0	9.289191572	11.49876647	19.49880204
2cae6f2b-0b84-408c-8d06-9a42e1c72558	FTF	Health Care Management/Administration	4500	12.79409065	15.95762066	30.56634518
8fdb77a6-caf9-4553-a3b7-84e17d04d1a1	FTF	Health Care Management/Administration	10500	20.35432175	27.21697489	80.13388867
1fcb2256-c528-41f6-9d9e-61fef7736dcd	FTF	Health Education	0	9.221905285	11.46479662	20.08704326
70c44547-cca9-4a09-8022-8ae736f23ca8	FTF	Health Education	4500	12.79744348	16.13557605	36.34818709
fffb0265-ea0c-4257-bee3-934142a68428	FTF	Health Education	10500	21.09000462	30.33673547	70.18414182
1646fff6-37f9-4aa8-8e87-dc69b13ee3cb	FTF	Health Science	0	7.963255529	9.909770935	16.89246152
699fffb1-466b-4de2-88dc-3ceb5398a236	FTF	Health Science	4500	11.04151652	13.79392196	27.27018505
86674ac8-819d-4321-b876-091053227f7a	FTF	Health Science	10500	17.64936994	23.95578885	73.3942839
840d7911-764a-4858-855f-1ccd00906a1b	FTF	History	0	6.952145318	8.641153251	14.24048784
85d2cd82-ecb1-4bdb-b6a0-18f97311aa56	FTF	History	4500	9.598490697	11.84748381	21.12896327
1b2106d9-6864-4a89-94e7-30b466552b49	FTF	History	10500	14.80222006	19.12362995	49.71106821
5bcf4b3f-706a-42cb-b184-7c2170ea257c	FTF	Hotel and Restaurant/Hospitality Management	0	8.435883054	10.41098036	17.33089344
64cf6fba-0603-4b59-b35f-366f97ad9422	FTF	Hotel and Restaurant/Hospitality Management	4500	11.55338706	14.30321038	26.66311677
69f89ce3-ea28-4a9d-a7e3-abaf3bda7cd6	FTF	Hotel and Restaurant/Hospitality Management	10500	18.05683878	23.84341965	69.11109996
9c8aff61-dcd6-480e-b28a-8ad0165b8655	FTF	Human Development	0	8.356107182	10.31429087	17.14405972
a4a4696e-20b6-44b3-94c8-e76dc6e10ed7	FTF	Human Development	4500	11.4451403	14.16175729	26.27140746
6fe15c7c-32d8-4913-8336-97297ce42408	FTF	Human Development	10500	17.85773602	23.52558773	59.71328223
a3695149-0a8e-4199-8717-31dafa8a85da	FTF	Human Resources/Personnel Management	0	8.738284207	10.73623895	17.4698092
843234ae-1965-4619-850c-a3a71f0f5338	FTF	Human Resources/Personnel Management	4500	11.88110313	14.58990781	25.40619901
5c1eee69-f842-4f68-8963-6336166745bd	FTF	Human Resources/Personnel Management	10500	18.14104959	23.17654536	52.79058339
8baf8408-d430-4821-ae1b-8c94129b7480	FTF	Human Services	0	6.565218903	8.402567285	15.07911718
cfcdadbc-3a49-4ab4-8080-b0a20d6a1095	FTF	Human Services	4500	9.473441871	12.09436776	25.01595959
b3c46480-8fdf-4dd3-a65d-fc5e2156473b	FTF	Human Services	10500	15.81286245	21.91160571	88.46612894
ea9a7233-1678-4197-906f-df060433f843	FTF	Humanities	0	1.589020381	2.415854484	4.490129314
4c9b1841-b30b-49cc-811b-8e58ed0ddc5d	FTF	Humanities	4500	2.839476617	3.716938852	6.027020267
b877c8cf-6fae-4b82-b73a-40957cb16cfa	FTF	Humanities	10500	4.650586311	5.66514696	8.431181774
f7ec4eaa-1d8f-4630-be9d-b3726c410582	FTF	Industrial Arts	0	9.555709651	11.89245821	20.97217927
77a10a36-10ac-4395-a0d7-3ebcf43e7c26	FTF	Industrial Arts	4500	13.28732937	16.79780573	38.16428864
92f5ff18-f3e9-4406-93b7-4333450d7ba0	FTF	Industrial Arts	10500	22.03326335	31.81268262	82.28572458
bafb9452-8c16-4f05-a1c7-4ea9558fc97e	FTF	Industrial Design	0	11.49936351	14.53102184	27.69342723
60613bec-251d-4e44-9eee-2cc40ebc7854	FTF	Industrial Design	4500	16.41357668	21.38202628	60.1286285
0ac31f00-bc2b-4235-9abc-e942dada2487	FTF	Industrial Design	10500	29.36654154	46.4154338	169.7114965
1704a00d-8db0-4d4f-a893-224a85a415d0	FTF	Industrial Engineering	0	14.83396772	17.60676527	27.3888046
ed8d2d15-a9c1-4618-b072-d69c81d50301	FTF	Industrial Engineering	4500	19.21892218	23.10620936	40.91533568
363e3685-4a2a-459a-a2d6-6bf3292c38b3	FTF	Industrial Engineering	10500	28.41738689	36.72277868	87.66207692
7b5cd3e8-235b-44d5-a1c9-59d3b6f630b8	FTF	Industrial Management & Technology	0	9.760892347	12.16962557	21.62169584
762fb35c-5ce5-4d07-8a50-236972399dd7	FTF	Industrial Management & Technology	4500	13.61390706	17.26548353	38.76057559
1dd0d195-476a-4ffd-b874-5c7006207f47	FTF	Industrial Management & Technology	10500	22.72774175	32.72582194	100.1201836
861f86f2-18ab-48eb-bcf3-b143d13d76ad	FTF	Industrial Technology	0	6.690545867	8.232327308	12.93018622
3a171351-912d-460f-a001-fcdb1eaa1aee	FTF	Industrial Technology	4500	9.083970395	11.01048795	17.60183747
34c9686a-9e16-4cd3-82a1-ee164eb12b61	FTF	Industrial Technology	10500	13.35963037	16.37690683	29.8417556
5230f91a-66ca-404c-a6a7-ac41b91e7e26	FTF	Information Systems	0	11.03256157	12.96015345	18.77641069
e88f1153-3e2d-472b-b86d-f1db9ea2a8e2	FTF	Information Systems	4500	14.02544986	16.42234993	24.29369187
01ba6f4b-5ce0-4851-8a2e-d894a0ba7dd6	FTF	Information Systems	10500	19.29682536	22.87876954	37.42157397
6e546f58-2c12-474a-be2b-f47e6cb0e558	FTF	Interior Design	0			
ab28c772-25ec-40f0-ae02-fa215ed283b4	FTF	Interior Design	4500			
1dd861e2-7812-4166-b898-dfef577431f2	FTF	Interior Design	10500			
ca3432f8-b01c-406e-9dd7-3eacf00a0af0	FTF	International Business	0		12.05985415	19.43505395
dac2e84e-0dae-4ce9-b776-6117f1c4ff17	FTF	International Business	4500	13.3115397	16.27880833	28.13841815
79308138-051b-4c3f-9a08-0fca15363a24	FTF	International Business	10500	20.17048602	25.68871138	54.95130683
fe4a7858-75e7-4705-ae62-39f0774f9f26	FTF	International Studies	0			
9d5edf62-1606-4531-93b2-052ee0457a67	FTF	International Studies	4500			
69eb3c7a-5d97-46db-9677-2fd5b7cefb44	FTF	International Studies	10500			
a6474291-f094-4f41-a1e2-74e28f1fe405	FTF	Japanese	0			
f55afd2b-bc79-427f-babc-c227e0ed77ea	FTF	Japanese	4500			
3e9132af-5570-4fba-82d7-b6d7f8da430d	FTF	Japanese	10500			
a9d59275-3d57-4773-ac6c-4625c51b0b32	FTF	Jewish Studies	0	8.586685657	10.59006027	17.62567417
2b5d7934-9a1d-402b-b6b1-337bb2c1f957	FTF	Jewish Studies	4500	11.74977691	14.54393892	27.20796935
eef2fe40-06fa-47f1-bc66-38979b8d99ac	FTF	Jewish Studies	10500	18.36570222	24.29194833	68.62292366
08db4eb1-ab4f-49dd-a90a-4a8bc2973967	FTF	Journalism	0	8.739424581	11.102485	20.76286381
190e50a3-7a40-423c-90bb-f3217c35297b	FTF	Journalism	4500	12.53503513	16.22375016	40.22899566
89ec102c-41be-4a54-b220-daf3faeb7ae3	FTF	Journalism	10500	21.93951324	33.02627515	142.6431055
49b671e4-8a26-4fed-a9a2-fd2df0741348	FTF	Kinesiology	0	7.358417965	9.224036486	15.92259248
87ee2ce3-1b5a-4231-936f-c6dc5dd5f5d3	FTF	Kinesiology	4500	10.30728046	12.94288921	26.12129023
a193c5a4-58ac-4c31-86ee-d7dd00a1c170	FTF	Kinesiology	10500	16.65389479	22.82016218	91.1460677
d021367b-fa79-4751-8ff0-e4dfc29c2dd2	FTF	Labor Studies	0	9.244694613	11.43283945	19.37439569
b98d2d9f-56b2-49ea-9aec-c4c090482662	FTF	Labor Studies	4500	12.71507241	15.84944115	30.73098727
dfee6f72-0e68-4839-a9d6-bf09a5a102f4	FTF	Labor Studies	10500	20.23060184	27.21275427	82.28572458
8ca6b6e6-f9e9-426c-8ca5-230ec1b22a7b	FTF	Land Resource Management	0	8.937908582	10.99252758	18.03617933
5e39853b-fa40-4c3c-b147-3b5b22ba5100	FTF	Land Resource Management	4500	12.17670428	15.00003369	26.57025528
51e6e9be-da80-49de-adf4-25f2062768a3	FTF	Land Resource Management	10500	18.74892288	24.15167288	55.46268687
0ea5e02a-d487-4075-8acd-ecf79e84e13c	FTF	Landscape Architecture	0	9.201773744	11.46093667	19.78010276
aedf3aab-7794-47da-ae05-f30ae847d912	FTF	Landscape Architecture	4500	12.79313365	16.07129445	31.64053101
ae505e04-a5d2-43dc-8e3c-aa72c137901f	FTF	Landscape Architecture	10500	20.68199817	28.0017273	87.67727615
96a63f26-80f0-44d6-ba8a-599c86cb5f3d	FTF	Latin/Central American Studies	0	7.155805979	8.931168819	15.13078188
fe6a0e48-8eff-4810-b2fc-31fe9a955255	FTF	Latin/Central American Studies	4500	9.952907181	12.40880873	23.92178959
88e5ea05-08c3-46da-aed4-2afab2a1aafd	FTF	Latin/Central American Studies	10500	15.78950049	21.17948073	121.3990008
63461fb2-a646-4e1c-a41e-1c7dbf37f3eb	FTF	Liberal Studies	0	8.402869184	10.35840511	17.09288108
83ebc25f-3df2-42b2-844c-4d22f819b59d	FTF	Liberal Studies	4500	11.48415992	14.17350246	25.70116355
3c2a7dab-baf9-49a5-b8bc-ecfc78ea1a46	FTF	Liberal Studies	10500	17.78516858	23.17378807	64.33269501
d5c0778e-c0cc-4b7d-bf79-1f17efc7c2ab	FTF	Linguistics	0			
cf8fe573-8f63-4f14-b1fc-2e7192ca73be	FTF	Linguistics	4500			
7230607b-b822-4729-ad92-db3aa1aab124	FTF	Linguistics	10500			
f6f7f7b6-d80c-4605-86b5-e4f416d81e9c	FTF	Management	0	10.60178229	13.076644	22.18071329
123fe21d-b00d-4229-9930-bae38aa39c4f	FTF	Management	4500	14.53853109	18.13232029	35.01466763
432b014b-1c72-4e9b-852b-d05819bf7d28	FTF	Management	10500	23.16192095	31.0893169	101.5759832
4e74fbd0-b850-4490-b24a-688501880e4d	FTF	Management Systems Analysis / Operations Research	0	9.278338663	11.54441795	19.79305214
ffccb1ab-e300-46f8-8af7-017f108d996d	FTF	Management Systems Analysis / Operations Research	4500	12.87744914	16.14127792	30.99237534
55141184-8964-4aaa-b670-5635eb779a7f	FTF	Management Systems Analysis / Operations Research	10500	20.67268201	27.65263395	81.28097612
eb94a137-ba8e-49a1-bf12-a97232322365	FTF	Manufacturing Engineering	0	11.11504269	13.57130964	22.01778776
3f407327-c38b-4e67-8f77-dae0de6adc7f	FTF	Manufacturing Engineering	4500	14.99387877	18.38684958	32.16881112
30bcb927-f5b4-4137-8755-713b62d097b6	FTF	Manufacturing Engineering	10500	22.86660594	29.28121602	58.25524823
c319cbdc-eed9-482c-958b-6bf0b209c0ce	FTF	Manufacturing Engineering Technology	0	10.4799573	13.07594842	23.1437359
09b0bcbf-2b0c-4c4c-aac3-afa7ace67180	FTF	Manufacturing Engineering Technology	4500	14.63567629	18.5607927	38.92397744
ddbb86bf-8d94-4d07-928e-10ae94738122	FTF	Manufacturing Engineering Technology	10500	24.28075987	33.86882947	119.1401703
42d02ff6-4b96-40b4-a775-ec9f6ee9ec14	FTF	Marine Biology	0	8.397395443	10.50998699	19.01376808
df54ad21-5d18-4b48-9366-74aa413e94a1	FTF	Marine Biology	4500	11.77282501	14.99441217	#NUM!
7ba58961-a983-4eba-a7d1-ad3de261bb1f	FTF	Marine Biology	10500	20.09028513	32.60567172	164.3075455
fbcb29c9-186a-4e42-8ec0-19274ea1e882	FTF	Marketing	0	9.881839897	12.08227239	19.88582396
a49c8b82-34d2-4c2a-8b01-50c750edd2c4	FTF	Marketing	4500	13.36341417	16.46300033	30.35124369
f99286b7-b59b-44c2-b562-418579e50d4a	FTF	Marketing	10500	20.70617483	27.21366028	78.75205153
2eb1e792-a8da-4dc2-8588-675bc6fd3ca0	FTF	Materials Engineering	0	21.06067557	24.89725279	38.49322597
35212ab3-3451-4f54-91fe-e4c8e22e11d7	FTF	Materials Engineering	4500	27.12909723	32.51938633	58.04828839
aec0ef0e-928c-41b4-b547-1713690aa100	FTF	Materials Engineering	10500	39.9372737	51.821784	152.4718347
74aaf885-25ea-4e06-864b-6805197659fc	FTF	Mathematics	0	9.644623827	11.74170373	18.99241074
a309eac2-4437-4d2e-9374-f72c81a86b74	FTF	Mathematics	4500	12.95172175	15.84638768	28.35365852
10f3da33-851d-4b03-ae48-eb9ebf20e207	FTF	Mathematics	10500	19.73923933	25.58067236	64.03093357
d7f9112f-8cc2-470f-8989-3d361480e80a	FTF	Mechanical Engineering	0	19.18673616	22.36591233	33.66064294
a9fcddab-0eee-446c-8e20-80e255884b89	FTF	Mechanical Engineering	4500	24.22181375	28.71032356	49.0452431
42edb163-2ef2-43d9-b1e3-85631d4ba0d5	FTF	Mechanical Engineering	10500	34.84787403	44.35016086	116.2756136
f4f99101-10cf-4f91-9c3d-d7b1a0e6a900	FTF	Mechanical Engineering Technology	0	9.244694613	11.43283945	19.37439569
fb85a991-07ce-494a-870a-53c5fadc9ab7	FTF	Mechanical Engineering Technology	4500	12.71507241	15.84944115	30.73098727
43b7f953-55a1-4cb5-b725-51cf460aaf1a	FTF	Mechanical Engineering Technology	10500	20.23060184	27.21275427	82.28572458
2a0872eb-a694-4164-85fb-3c3281a7de88	FTF	Medical Technology	0	14.58582132	17.18672525	26.37308355
8494014e-389e-49b4-a752-33c02c776a7d	FTF	Medical Technology	4500	18.69769291	22.34309063	39.36749146
8a741018-f851-43ab-bd41-44cf3fb4bb70	FTF	Medical Technology	10500	27.34465506	35.27613172	80.35454747
63563649-7d7d-4f98-bd82-3a36ad01a38d	FTF	Mexican-American Studies	0	7.810879544	9.709095483	16.34537561
bc6231c7-ac11-4351-b143-c6262dee0e52	FTF	Mexican-American Studies	4500	10.80538374	13.44227297	25.24605025
be6ac767-9b84-4b31-b1e6-982f652e1a01	FTF	Mexican-American Studies	10500	17.04139937	22.57475951	62.28477803
e81317b6-7571-4882-87cf-5fcd21e94dda	FTF	Microbiology	0			
6e6287a2-6971-4101-b759-d361e407d379	FTF	Microbiology	4500			
6c3cd835-b58c-4995-bee5-0d19b0e5ce4f	FTF	Microbiology	10500			
7bd56e2b-cf8a-4fc6-8eee-7b144434c144	FTF	Multimedia	0			
11570eea-86f9-4121-a30e-e07abc742481	FTF	Multimedia	4500			
6e1e0e48-800f-427e-98c7-4a26f7634fe5	FTF	Multimedia	10500			
c0fa849c-a28c-43df-b39b-f7f67eb64fa8	FTF	Music	0			
6ab52651-bd9e-4446-ab60-81ff3126c6e2	FTF	Music	4500			
6282f939-0f99-449c-9ee2-9312069a7051	FTF	Music	10500			
dd503874-6620-4dcc-ac95-f683ccafd304	FTF	Major	In School Earnings	fin_aid_0	fin_aid_3000	fin_aid_10000
c85f2a17-8f29-404d-b0a8-9ab1a2888e76	FTF	Music - Performance	0			
9167c663-9b77-43c6-aea6-3832c0a1aeee	FTF	Music - Performance	4500			
de8e2f3b-a1e9-4fbf-9659-c5b5691e8222	FTF	Music - Performance	10500			
b0130185-8486-48f8-b573-611fb312abda	FTF	Music Education	0	10.19931646	12.58791371	21.25217113
dff6d0bf-1bc4-419d-bc46-23c4993c6116	FTF	Music Education	4500	13.99197776	17.42253679	33.15581224
468f5fce-c61c-43c8-8c65-f752a3d123f0	FTF	Music Education	10500	22.17491129	29.55318496	88.07587123
c2f7ba1a-d398-47d5-8f23-bd0d35629285	FTF	Natural Science	0	9.083306897	11.26350114	19.43308326
786fde5b-4d38-4f75-b3d7-1a768fdf0f10	FTF	Natural Science	4500	12.54956169	15.7359348	33.39678087
e1dd25f0-fa98-45ae-8044-68b83a3a5198	FTF	Natural Science	10500	20.35692382	28.52754339	64.07761336
234b21ca-83ac-4286-9468-34f448ee96d0	FTF	Nursing	0			
6c133c7e-44e6-45d2-9221-1e377857e753	FTF	Nursing	4500			
a38b9cdb-bdbe-4b99-aa82-4fa777d3dfab	FTF	Nursing	10500			
5fd69d31-5aae-4715-a224-31dc63a8b6c3	FTF	Occupational Studies	0	9.244694613	11.43283945	19.37439569
1b30b139-0d44-4ecb-8b3d-1d3f9b9fd21d	FTF	Occupational Studies	4500	12.71507241	15.84944115	30.73098727
f7121532-041d-4a16-b987-059a4f4558f6	FTF	Occupational Studies	10500	20.23060184	27.21275427	82.28572458
5f165b65-7d4e-4d66-986a-dd216e3f230d	FTF	Occupational Therapy	0	9.843764324	12.2006329	20.85301307
733cb152-e9e6-4601-a656-4e0a04cb726f	FTF	Occupational Therapy	4500	13.59151389	17.00934095	32.74616798
7121ea74-8242-4759-94ca-31cbf09ccfc4	FTF	Occupational Therapy	10500	21.78187918	29.18845413	86.77338657
7951d6df-878e-4adf-8ad9-89579df6769c	FTF	Performing Arts	0	9.212054691	11.63914937	23.25812426
f844c48b-5354-4db1-a963-56686ab08e14	FTF	Performing Arts	4500	13.14490405	17.24691568	
b3736cc9-1289-4de2-99f8-24651a34745f	FTF	Performing Arts	10500	25.17288433		65.92897627
2bfb9964-a47e-4314-83ed-97350c31a921	FTF	Philosophy	0	7.431261641	9.369602115	16.55076819
fb740121-7576-4486-9772-1a4bb24631c8	FTF	Philosophy	4500	10.50637108	13.3109823	28.06310963
470b96b9-4616-4c6a-abda-87c0182c79af	FTF	Philosophy	10500	17.35673122	24.28778785	83.2521364
54f2b8ce-1ba9-4268-abf4-78b654b5072d	FTF	Physics	0	6.752301525	8.489101055	14.6544533
a6c9fc6e-1e63-4b87-abdd-49c9ca4ea6a7	FTF	Physics	4500	9.491233821	11.9166562	24.42495237
b14c5e3c-7fce-402a-ac57-3799b1401998	FTF	Physics	10500	15.32881479	21.14133695	71.60261153
1bf5db87-fdb9-4deb-8315-f4ba8838c5e6	FTF	Physiology	0	6.85683319	8.459749413	13.64833807
f3bbbe8c-28b0-4f4d-bfae-0bd575b03610	FTF	Physiology	4500	9.360496787	11.45394764	19.83127787
bbff8acb-072c-41e1-aaba-333b12a89a97	FTF	Physiology	10500	14.15898663	18.0444128	42.53436851
f774a57a-9c11-4f55-8cfe-82106df53036	FTF	Political Science	0	7.294862604	9.072956691	15.0161685
6db8b087-5491-4a01-a1d7-3abfd0990db6	FTF	Political Science	4500	10.08531427	12.47241957	22.22053042
bfa981eb-8422-44bd-9041-1e808acc90e9	FTF	Political Science	10500	15.61226644	20.15493205	50.58632572
cbeaf93a-5bc7-4140-be95-1061291ffd6e	FTF	Production and Operations Management	0	11.67412235	14.14703812	22.38260573
a1b02d15-6d07-4b1e-8a76-ed10c69f6c39	FTF	Production and Operations Management	4500	15.56577825	18.90127045	31.48572028
163dd5ca-9b90-4384-b363-177596109e65	FTF	Production and Operations Management	10500	23.18162824	29.00639478	64.91253342
dda547b7-05ff-454e-95fd-6bc106320074	FTF	Psychology	0	7.08325798	8.946435912	15.67161948
70ad65f7-d2c3-4297-8484-9eddf6e39594	FTF	Psychology	4500	10.03018112	12.67369129	25.85128798
855c3d13-2b1f-4116-a906-0977de0a91b4	FTF	Psychology	10500	16.40807507	22.59263193	85.26158004
cf8c0917-66ee-4905-a570-f8b512e02ea0	FTF	Public Administration	0	8.876704472	11.00134883	18.37902023
b7fb872d-623d-4d77-9cb4-0c8bd9057088	FTF	Public Administration	4500	12.23252241	15.18477999	27.41061281
72fbc068-f849-409b-8544-02c7988f0da3	FTF	Public Administration	10500	19.1308244	24.84427043	58.84253065
c7083738-bebf-4ef0-84f7-b352ed07ddad	FTF	Public Health	0	9.362429056	11.74041066	21.76451707
f6c49500-c5cb-41f3-b9b8-2812628026eb	FTF	Public Health	4500	13.1851949	16.94475193	
e02f49ed-e820-47f4-91f4-e128cff32b90	FTF	Public Health	10500	23.07625396	38.88846256	153.4949874
819b7399-2c21-4e5e-939e-0b161a5c4aeb	FTF	Public Relations	0	10.61733676	13.39504105	25.49699253
8387800d-9244-49be-a387-f67f7f3787a5	FTF	Public Relations	4500	15.11205725	19.64799926	69.8190758
3f2ae061-17b9-488a-a583-8cd749186ba3	FTF	Public Relations	10500	27.07660725	44.74279155	170.6854008
76b83ab3-f509-4780-9af8-8f863e79498a	FTF	Radio/Television/Broadcast	0	7.562923983	9.539750184	16.87878257
4b07bb7a-4135-4ed9-afc7-0f3ef48281ba	FTF	Radio/Television/Broadcast	4500	10.70035299	13.56614426	28.76698022
f9b504e1-15f5-4e82-8425-54c3fa360e04	FTF	Radio/Television/Broadcast	10500	17.70330781	24.82595616	93.87336099
f0553021-ce39-4375-83a5-9512074a4af8	FTF	Radiologic Science & Technology	0	18.57598653	22.36932226	36.39391578
76e2eb1a-e4e4-4358-8de4-f38323686df7	FTF	Radiologic Science & Technology	4500	24.61085626	30.12265251	58.79241777
b6994228-b37c-44e9-acdb-51e29dcf7149	FTF	Radiologic Science & Technology	10500	37.93790374	51.21189923	109.6520611
2a61b53d-277c-4b3c-bc4f-5e792ba6f9c8	FTF	Real Estate	0	10.57420676	12.9588396	21.30020428
d5087f7d-cd54-4917-b105-344f125806db	FTF	Real Estate	4500	14.34580212	17.67994143	31.78497728
c262303f-1bee-43d1-bc3b-e3b03b97f45a	FTF	Real Estate	10500	22.15551015	28.7427194	75.79778582
6d28cdf4-2759-4323-927e-5969be1ddb49	FTF	Recreation Management & Administration: 21021 + 21031	0	8.383023407	10.33599181	17.12231898
09525eb4-34e0-401a-8f83-41bfbede7101	FTF	Recreation Management & Administration: 21021 + 21031	4500	11.46249188	14.1641591	26.12512677
99552328-7d76-42c8-baa8-dc74f912dd02	FTF	Recreation Management & Administration: 21021 + 21031	10500	17.82900964	23.42505159	77.50925441
eb115326-5d7e-45cc-babc-4cd90b0cc5a8	FTF	Recreation Management & Administration: 21031	0	7.555726074	9.272242437	14.8397536
54908a2e-a0f3-4bfc-b462-f17ad33bf814	FTF	Recreation Management & Administration: 21031	4500	10.23999435	12.49123385	21.20495587
ab9c60b0-4e5e-46f2-ba0e-57c44d84fd07	FTF	Recreation Management & Administration: 21031	10500	15.38241409	19.42276622	45.8909646
0060f386-4bf1-4e50-bcba-dafd8763737d	FTF	Rehabilitation Counseling	0			
c07f29e2-2883-4400-9b4e-036e72221c25	FTF	Rehabilitation Counseling	4500			
17e3843a-7d47-4850-a3c2-0037593474b5	FTF	Rehabilitation Counseling	10500			
5acd8b4c-8dfe-4463-b0e4-01c25f0f7815	FTF	Religious Studies	0	4.912866901	6.200457904	10.04048151
f02cf781-8880-47d3-8e31-ad18a70714cb	FTF	Religious Studies	4500	6.903179754	8.477884127	13.95748398
f3295b03-6ad2-4af9-bb3e-58ed0a6f302d	FTF	Religious Studies	10500	10.39119298	12.89968013	24.58295436
de32bc60-05d1-443f-95b9-54b569a2f415	FTF	Social Science	0	4.772432547	5.977585214	9.342959087
9251c1d7-4894-4376-bb69-27446a528c6d	FTF	Social Science	4500	6.621739653	8.022642816	12.26407451
8db0ce0a-5eba-480b-b534-84e78b2a0349	FTF	Social Science	10500	9.628335936	11.53593332	18.35183158
529d04bb-18f3-4e19-b37b-16ecd2a7097c	FTF	Social Work	0	7.862793533	9.874316139	17.41224007
3e755a6b-21c7-4154-8b0d-2583bf4e64ea	FTF	Social Work	4500	11.05918076	13.99703144	29.67537097
e022a44c-956d-40e0-9aa5-90153ac912f7	FTF	Social Work	10500	18.26479112	25.63468459	99.69792369
a529054b-a88e-4723-93df-dc80e268cfe0	FTF	Sociology	0	7.304815605	9.064433394	14.98586347
1116452a-30b0-4f3f-8cc2-9907fc66b68c	FTF	Sociology	4500	10.06737715	12.43921359	22.42634725
f5d49dc7-14b4-4975-a021-7c9d1884c8b4	FTF	Sociology	10500	15.58684087	20.24556936	48.9004555
3be61cd6-844c-4e4b-9929-643afe59e6b7	FTF	Spanish	0	7.266796712	9.061590195	15.23339242
08f438dd-741b-458e-9c3d-fffce4c89e49	FTF	Spanish	4500	10.09121893	12.5496726	23.41039133
642578b0-247f-4266-9e2b-cfc5cc8a2ad9	FTF	Spanish	10500	15.87430425	20.95547354	67.14030527
e47bd3fe-251c-47f0-80a1-bf78c98c1b1d	FTF	Speech Communication	0	7.928843054	9.972869035	17.60239942
efa06c98-cdcd-477c-8416-f5b71b9e31dd	FTF	Speech Communication	4500	11.17704861	14.15816754	29.5642691
ca187270-637f-411a-b4cd-95ebfc66274b	FTF	Speech Communication	10500	18.45661874	25.70858493	96.83398951
c3922669-d17f-4fd2-a375-70a59b65091f	FTF	Speech Language Pathology	0	8.560711344	10.63216047	18.41382129
453fc83c-6bca-4f4e-8ac5-f8c36b742b79	FTF	Speech Language Pathology	4500	11.85155742	14.875282	32.88022581
54c83a6c-ca7c-4b59-be1a-13a80a8e7cac	FTF	Speech Language Pathology	10500	19.3073995	27.51840272	81.68327855
438d3c75-0d1a-4556-8e9e-7362ae68f0b2	FTF	Statistics	0	11.44314626	14.24403198	24.82897966
c34ed3b8-0fa8-4bc6-bb57-c242a471e3cb	FTF	Statistics	4500	15.92063709	20.09053601	39.76247187
df4b1005-ae4f-49a1-871c-73b15012c446	FTF	Statistics	10500	25.9790704	35.23175291	87.03313103
513d7e10-22dc-4b32-b0ad-d4a6f569e3d5	FTF	Theatre Arts	0			
2df3ce49-a08a-4531-92b6-e10214325aa6	FTF	Theatre Arts	4500			
990398f5-49dc-4b45-a7bd-988fc5e51745	FTF	Theatre Arts	10500			
f87da214-307e-4d58-9b1c-1defec557637	FTF	Theatre Arts - Performance	0	2.115338107	3.15196376	6.04144211
ef3c6e4f-fb1e-4a46-a0de-c12af45d5ee3	FTF	Theatre Arts - Performance	4500	3.703148951	4.901452191	8.696173895
5e5abbb2-91be-42eb-ad03-c2fc1c31eae6	FTF	Theatre Arts - Performance	10500	6.290765284	8.006803455	15.11747744
cad03149-1a3e-484c-a0ac-2921fb423f25	FTF	Travel and Tourism/Tourism Management	0			
25c45326-3a9a-44ed-983f-8ace79a7b0a5	FTF	Travel and Tourism/Tourism Management	4500			
418495b6-37d5-4f0c-8758-9a75dd8254fe	FTF	Travel and Tourism/Tourism Management	10500			
835a5ee0-2d95-466f-92f8-d029c4905255	FTF	Undeclared/Unknown	0	7.441678664	9.399221387	16.6223875
c3490d72-3a64-4a94-9e37-e8726483bc32	FTF	Undeclared/Unknown	4500	10.54682938	13.3735022	27.90883825
4cbb11dd-face-4c59-b444-97a0844df5b3	FTF	Undeclared/Unknown	10500	17.42668506	24.25848754	82.15519334
c6e4a95b-f027-48a8-84b2-04a17a060919	FTF	Urban Studies	0	6.151448936	7.707391359	12.76622901
36164aef-82c7-414f-95e5-efc8236e0141	FTF	Urban Studies	4500	8.582479515	10.62078151	18.82352703
a1dd627f-1a45-45de-8f31-30bcb10b4e84	FTF	Urban Studies	10500	13.26675863	17.07978292	48.67287838
4a15cdf2-117e-4708-b5b8-62d50780f7ec	FTF	Women's Studies	0	5.341723122	6.750095109	11.14278165
58982d35-1d02-44a9-a998-e58126c2fa5a	FTF	Women's Studies	4500	7.530673702	9.315464816	16.0276937
be2c5383-7106-4c98-8113-05e481ac9932	FTF	Women's Studies	10500	11.56154103	14.66096354	37.07027106
3ec4b66f-4bcb-48f4-be69-934e1b340111	FTF	World Languages and Cultures/Translation	0	6.521423134	8.052867397	12.92488057
b38f2de4-edec-4b4a-87d2-9a66688f8fea	FTF	World Languages and Cultures/Translation	4500	8.908015658	10.88015778	18.583749
e143080a-a527-4abd-8b15-6bc95dd37c58	FTF	World Languages and Cultures/Translation	10500	13.39756197	16.96060958	26.27578996
af0d49db-fede-4eca-ad48-f3f843a382dd	FTF	Zoology	0	7.538094774	9.420123631	16.18446647
d4cb5cf7-e7b3-4487-85f0-99c9825b0775	FTF	Zoology	4500	10.51367722	13.17565363	26.38085788
13968839-37e1-4f0b-be59-ac022226d161	FTF	Zoology	10500	16.92223986	23.11210726	113.6070082
593555ff-47c0-46ad-857e-4ea6d44c596f	FTT	Accounting	0	12.30007337	14.80764895	22.19062502
11cab281-686f-4f2b-9a9e-0ec51f1f9fce	FTT	Accounting	4500	16.18577461	19.25035537	28.704565000000002
c6f29138-e656-4921-8289-440e4b84f003	FTT	Accounting	10500	22.82917152	27.09138002	41.44670097
84575dbf-b28a-41c4-9129-61f18df90b20	FTT	Advertising	0	5.129552459	6.692936779	11.37814906
e1e2f074-da27-46e5-b86c-11de66c99573	FTT	Advertising	4500	7.549354307000001	9.473247147999999	15.98724062
0f04b486-a519-44e1-980b-a8d263a20427	FTT	Advertising	10500	11.80320491	14.78197043	27.69643201
a80c85ea-3d6e-46cb-acd8-26509b6125e1	FTT	Aerospace Engineering	0	34.77283869	40.14593348	57.80346205
522b13ad-f3a7-46ce-83a6-c4b7696ed4ac	FTT	Aerospace Engineering	4500	43.2056688	50.35789401	77.44883936
cc0f90b5-2c72-4410-af94-0fdf57142796	FTT	Aerospace Engineering	10500	59.514395799999996	72.05830475	151.6373828
5869c561-2bba-4290-9689-acc132666cae	FTT	African-American Studies	0			
e097b02d-74ab-4c8f-a605-f441798fa90f	FTT	African-American Studies	4500			
6f95d5e0-4510-4137-b527-d6f70f86c1b8	FTT	African-American Studies	10500			
801f72ed-ac40-4e49-b162-59a8f3a5dceb	FTT	Agricultural Biology and Plant & Irrigation Science	0	9.773708053	12.10149663	19.63201841
f60c9cd4-c3a1-4837-b755-8b69c79249f9	FTT	Agricultural Biology and Plant & Irrigation Science	4500	13.4207019	16.4849074	27.55255991
93308431-6902-48a0-a85f-b01a60dc4189	FTT	Agricultural Biology and Plant & Irrigation Science	10500	20.346606	25.44947531	48.89163419
04124fe8-a1ab-43cd-aaee-760f4be0d985	FTT	Agricultural Business	0	4.041076052	5.3451316360000005	8.987153321000001
894211b2-60c0-4f45-9c6a-8cd9a19a1286	FTT	Agricultural Business	4500	6.040898423	7.554701352	12.20617016
9517544d-8587-4081-8bb3-db073f55444b	FTT	Agricultural Business	10500	9.298075843	11.39482842	19.40449401
ee5dabf0-6f77-4e1c-a32e-fa278a2a03ad	FTT	Agriculture/Agricultural Science & Horticulture	0	10.30006533	12.73347663	20.15525028
366da2a9-d753-4668-8805-2fb9e262f638	FTT	Agriculture/Agricultural Science & Horticulture	4500	14.08980306	17.1547914	26.98047449
53bbc06f-6b43-4d99-907d-71159f60fce7	FTT	Agriculture/Agricultural Science & Horticulture	10500	20.81399806	25.26958199	40.91565097
2ec01eb0-94de-44b9-b1c0-ebe506ce45b2	FTT	American Studies	0	6.74643707	8.684919902999999	14.83283792
c01595cb-e7b1-471d-ba0c-42ae8a8936a3	FTT	American Studies	4500	9.773646863	12.28234363	21.07758368
2904fc7d-17fa-40b7-82f3-ea16e6571e19	FTT	American Studies	10500	15.40783439	19.45202808	35.69435183
a98ee091-18e4-4850-9496-f11996474574	FTT	Animal Science/Animal Health Science	0	4.927907814	6.676130718	12.55607853
af7bac7c-c8cb-4947-9e8a-6df0555ef643	FTT	Animal Science/Animal Health Science	4500	7.668619592000001	10.01749936	19.94005662
19887e49-1003-4c3c-9f46-4cae1b993114	FTT	Animal Science/Animal Health Science	10500	13.1580157	17.81585606	46.04232676
246e5391-879b-49fa-9833-0d0fd46ec226	FTT	Anthropology	0	5.483190857	7.202983848	12.68448042
aa5db64e-6b38-435e-b1bf-3258bff0ca88	FTT	Anthropology	4500	8.16475232	10.38636901	18.74903822
acf71532-196b-458a-91e8-725ff9f62624	FTT	Anthropology	10500	13.212432199999999	17.08725584	38.19692245
9be69ff3-bbb5-4053-beee-dd075335c7ae	FTT	Apparel Merchandising and Management	0	9.870183004	12.87841464	24.01805426
b8439bc3-8ecc-400f-9cbd-169cc1889b42	FTT	Apparel Merchandising and Management	4500	14.68181901	19.13096862	37.33482062
aa3940ec-6f3c-4473-aa7c-605fb9ceadf7	FTT	Apparel Merchandising and Management	10500	25.16416864	33.67119681	85.01852535
411d9e6e-9b6b-48b8-8d80-dc2b6ecbf1e2	FTT	Applied Mathematics	0	11.01960299	13.48148414	21.27856439
efb1bbb1-98bd-4c9e-b4a2-767407ffdd42	FTT	Applied Mathematics	4500	14.86684799	18.05292996	29.22085425
1c22ae82-4489-4fd9-9c40-4d2dc20128f1	FTT	Applied Mathematics	10500	22.0048031	27.13319925	49.91989659
0f1dc56b-6e82-4acb-90b5-fdf8c3ec14b3	FTT	Applied Physics	0	7.238719577	9.232480817999999	15.58992135
c9c053f9-3187-411a-88d0-c4a885e8c320	FTT	Applied Physics	4500	10.354519400000001	12.94591104	22.12326453
111e28cc-ae00-46e1-993e-263754d8bd1d	FTT	Applied Physics	10500	16.18757374	20.41240154	37.93764677
f9d969ea-e2cb-46cf-b8b7-dd99e8f4ef06	FTT	Architecture	0	6.615927051	8.415492018	13.76102501
df8d460a-4722-48af-b0d4-57e80c26b7f5	FTT	Architecture	4500	9.404175214	11.61502795	18.59142311
2fe919f1-8e31-45ee-ad94-1999e6fb99e4	FTT	Architecture	10500	14.230522	17.3891362	27.9350017
da64dc12-0fe9-4d55-ab3a-a58c53ca0272	FTT	Art	0	6.316362217000001	8.272841448	14.84089379
9fa2a9bf-2b93-44dc-8b06-a4f52a39503b	FTT	Art	4500	9.389208086	12.02912407	22.47220457
d5bf9939-605e-440c-9803-d394eacdb279	FTT	Art	10500	15.49634119	20.37016741	45.97888485
a1707687-4c56-49d5-96a5-1400f07956bf	FTT	Art History	0	6.011508362000001	7.873353812	13.95957602
b64c7700-da9d-4915-8791-53ab438146da	FTT	Art History	4500	8.925630414	11.38428851	20.77997789
6e0e8dc6-fc56-42ab-81f1-4fa2e65aa645	FTT	Art History	10500	14.55411358	18.9202755	40.90903474
9be2ed9b-eb14-4d18-94cd-9fc898b37fa8	FTT	Asian/Asian-American Studies	0	6.627968905	8.426625373	13.95887989
0a97b481-05c6-457c-b9fa-364488aedad7	FTT	Asian/Asian-American Studies	4500	9.423700295	11.68932443	19.49482841
1b68d1ad-7f16-455e-851a-5f6e59f73084	FTT	Asian/Asian-American Studies	10500	14.46772171	18.04542203	33.66268132
c1e4f74f-365e-41fe-a3c5-651e2f6787e1	FTT	Asian/East Asian Studies	0	6.695968064	8.520905937	14.13457012
18f851b4-d701-438a-8262-1aae8bad96d1	FTT	Asian/East Asian Studies	4500	9.533579468	11.83477438	19.6676677
e37921f4-4e68-458a-aae0-2f68c9c04b4e	FTT	Asian/East Asian Studies	10500	14.64862221	18.23452506	32.60835125
7d1e4acf-215a-4334-8623-4e6d8f29ab95	FTT	Athletic Training	0	8.65439567	11.34235774	22.28741137
d31e84f7-70db-4acf-b0e0-0873bd1e8ef1	FTT	Athletic Training	4500	12.97870728	17.19446785	39.75709497
72bde51f-1eeb-4be9-aa46-c0630cfcaf1f	FTT	Athletic Training	10500	23.57081631	34.35312014	189.6863199
89d6c26d-c4d8-46d3-8abd-b42f8c1c5985	FTT	Aviation	0	8.650493561000001	11.28545627	21.32619443
d8b01a00-92b6-4cc1-b615-d991a7294737	FTT	Aviation	4500	12.86446675	16.81584161	34.76128809
a5de4625-9bb4-4dee-b702-8d522b47aea1	FTT	Aviation	10500	22.41578873	30.89717716	62.33890388
461c1661-0871-45b6-b164-bc1251bc29bc	FTT	Behavioral Science	0	6.898073762	8.686535725	13.99968871
c0f6a08e-339d-4730-8a9f-f8eb52cfff7c	FTT	Behavioral Science	4500	9.668000864	11.8628364	18.88087081
a305f42d-c87f-4a4e-a54a-affdfc71776f	FTT	Behavioral Science	10500	14.4689073	17.65258039	28.92310091
1e2dbff5-f71b-4ed7-b6fa-16ba112c59c7	FTT	Biochemistry	0	13.32743579	16.84058119	30.20876974
c8c6356d-917b-418e-8858-ceaa4cdd38ae	FTT	Biochemistry	4500	18.95192667	24.21762555	48.79054072
ef96f747-4aad-482f-a636-bb817d3f8510	FTT	Biochemistry	10500	31.66151393	43.248801799999995	182.42564019999998
d4468738-24ec-4f90-b44e-9d731a11c8d6	FTT	Biology	0	7.993081019	10.06892883	16.76668548
273beade-526e-413e-b516-1761aa869038	FTT	Biology	4500	11.24113497	13.96210787	23.92883925
fed3efa7-ebfc-49c9-91d2-f320683ca60f	FTT	Biology	10500	17.40611104	22.00993668	44.56304175
abeea6ce-c1ff-4b56-9d5c-ee9a7cc82256	FTT	Biomedical Engineering	0	7.3560617829999995	9.378804684	15.84420416
7daa4da8-f52f-4927-833d-37a5ec6837d1	FTT	Biomedical Engineering	4500	10.51864926	13.1539136	22.48410388
85997407-5ef3-464a-9289-463873895dd5	FTT	Biomedical Engineering	10500	16.45224064	20.7470661	38.18836295
68436049-2f2f-4d67-9102-28bc4c25bc1b	FTT	Biomedical Physics	0	8.005874576	10.06509707	16.37490034
69e36e95-4ab3-486a-8893-d126d815182c	FTT	Biomedical Physics	4500	11.21092794	13.80836322	22.33657946
dc80b506-dc70-4302-8c84-20446ada6f87	FTT	Biomedical Physics	10500	16.94249813	20.82502791	35.10875124
25e21ba5-7703-46d4-80e7-91c243e7383a	FTT	Biotechnology	0	12.83723264	15.98989877	26.80876876
66bbf3d0-138f-44c3-92b5-5586b0427611	FTT	Biotechnology	4500	17.822014300000003	22.18626343	39.07299571
e022dc05-1c5e-4e80-a306-0c1b6da70c6d	FTT	Biotechnology	10500	27.87722741	35.72028201	78.83955501
efb2f80d-57dc-4490-a421-a3f22803bd52	FTT	Botany	0	8.449163716000001	10.98729344	20.82131373
a16fdcf4-145a-472b-80ef-fc8b1e11a052	FTT	Botany	4500	12.50611417	16.33083718	36.39087796
fddc772e-0337-4f9d-a2f5-8529321f0eeb	FTT	Botany	10500	21.93970923	31.40011414	49.72896501
047bc3ba-b078-4eb7-bfb7-4a1f4ec06dd8	FTT	Business Administration	0	7.534904837000001	9.48460496	15.3997717
249cd3f2-92e5-4c89-a811-89a41f0a4b13	FTT	Business Administration	4500	10.56460318	13.00239544	20.92624159
4751d9a1-fa23-4410-ad02-95be01874a2f	FTT	Business Administration	10500	15.92859847	19.53164153	32.36117037
134c7561-450b-42d0-8465-e356eaf3f8f8	FTT	Business Economics	0	6.855036533	8.663606742999999	14.06113821
4ab196dc-a997-48b9-a6c6-4891c8b1674a	FTT	Business Economics	4500	9.657992633	11.88633677	19.04198934
6c9c7925-48b2-44ba-b8a4-90a650e49fc7	FTT	Business Economics	10500	14.53926912	17.78743389	29.31961193
f0d47477-de92-43ed-9c01-2fb83b0950f3	FTT	Business Education	0	4.476618306000001	5.694986173999999	8.830709667
fd4e532c-08ae-4ea3-aa89-3cb50af8760c	FTT	Business Education	4500	6.327045554	7.651151477999999	11.18553124
05338534-aea8-4304-8896-fbed70436d0c	FTT	Business Education	10500	9.076469548	10.63218013	14.97746997
b9c51ff1-adb1-4ecc-850b-e200a1eb45b0	FTT	Business Law	0	10.33459225	13.39861616	24.18359856
1449f046-d599-43d5-8437-feb4cce7fa47	FTT	Business Law	4500	15.21483	19.59200043	35.37114361
544940fb-8025-4dd7-892c-403c1b1ee307	FTT	Business Law	10500	25.22389118	32.49062793	60.78619555
d1e6586e-22e0-4b66-911a-315fc8b3b2bf	FTT	Cell and Molecular Biology	0	12.86118311	16.44807795	29.96394148
7178989e-4eff-4c03-b134-4feb9e09e3c4	FTT	Cell and Molecular Biology	4500	18.60030046	23.94024721	48.59901519
6a7ef1c4-beb8-49b2-ba42-0a3773533f4f	FTT	Cell and Molecular Biology	10500	31.41844232	43.01204851	139.2903321
f0314f9d-eb1f-47bd-9234-1d4809dd7cba	FTT	Chemical Engineering	0	20.31862189	23.72818395	34.19036969
c90b55e5-233b-4fa7-ad58-f524f136654e	FTT	Chemical Engineering	4500	25.62836806	29.93420298	44.18268981
cca5a77f-c228-4ec7-968c-26f761cfc431	FTT	Chemical Engineering	10500	35.13336031	41.6254099	66.98662893
5d947776-1579-4b82-b8ae-22dc4a4f7e9c	FTT	Chemistry	0	8.703109126000001	11.07078604	19.04276577
b5a155c8-c891-486e-84de-170e04454e39	FTT	Chemistry	4500	12.43254978	15.65409318	27.83730484
b3bc35bd-951f-4f19-9d7c-2fbafaff3e59	FTT	Chemistry	10500	19.82216523	25.47319573	53.13018677
68a68b24-915f-4a26-864b-83aa86a6b935	FTT	Child Development	0	8.274694455	10.660176400000001	18.86428961
99c6d66b-8a82-4cf0-9cce-126820e6e5ee	FTT	Child Development	4500	12.04303835	15.34689419	28.08514796
bfc3a6c9-39dc-4d35-8b1c-2573ae3e0348	FTT	Child Development	10500	19.67787078	25.60275276	54.10260487
e8efac67-9d61-42e5-95ad-fe77a70e13b5	FTT	Chinese	0	4.373382896	5.680017329	9.256920085
b23565e2-be6e-416a-a25b-1705e369c195	FTT	Chinese	4500	6.37278059	7.86613457	12.27477041
edf8b992-f1c7-451f-bad1-f83e69e73e4b	FTT	Chinese	10500	9.555376247	11.53031283	18.29075384
24ab9551-6737-457b-8e84-727cb6a5fd70	FTT	Cinema/Film	0	7.347622522999999	9.461181646	16.5261033
71f55af3-9e60-4ec2-97c5-ae8173e80db4	FTT	Cinema/Film	4500	10.66902359	13.51854503	24.50533532
7f3ca4f9-b950-4a6e-a776-19a3df05bdaa	FTT	Cinema/Film	10500	17.2216789	22.32919989	48.88671944
559acc4e-1e45-4f14-966f-b40f011cf16f	FTT	City and Regional Planning	0	12.24110731	14.71937118	22.18019881
e83744c8-e604-4a86-a50d-5aee86a5c4ff	FTT	City and Regional Planning	4500	16.090084400000002	19.17012209	29.12272787
38f538db-29f5-41b1-acd2-861ef89c4ed9	FTT	City and Regional Planning	10500	22.842608399999996	27.36131905	44.49791716
311734e9-685e-4213-88be-11d4fcd96917	FTT	Civil Engineering	0	15.61591107	18.59453746	27.66726732
770baa76-9309-462e-9321-c11d36b6e966	FTT	Civil Engineering	4500	20.25127519	23.99240191	36.18347122
6883006a-cfcb-46cf-add1-1e9b551e1c9e	FTT	Civil Engineering	10500	28.4778723	34.0197542	55.00158967
e7dff555-78b2-4e9f-940b-b0299150ce59	FTT	Classics	0	5.233375002	6.696926652999999	10.84098322
c4d6c9cc-18a4-44d6-85c6-5d6ea4b7b3ae	FTT	Classics	4500	7.483396892999999	9.204844718	14.49904694
727ec7c6-9019-42f4-89ff-2928ff8a1582	FTT	Classics	10500	11.19625091	13.5834009	22.16563635
b9e86c7f-0b8a-48dc-9fcb-046ece019d9c	FTT	Communications	0	7.298086577	9.389490561	16.28209323
c4199f0b-7793-4a8a-b85b-debac10ba0bf	FTT	Communications	4500	10.58032889	13.37217423	23.72161621
8ab608b5-bfbc-4bb8-8a53-8e5fa12c0c27	FTT	Communications	10500	16.94830158	21.74130537	43.1288384
9e212d2e-7c33-447a-8dad-cf37a81cdcb1	FTT	Communicative Disorders	0	9.321180003	11.82677503	20.18670647
3280f6b3-890a-46f1-aa9f-6828ce81c7a9	FTT	Communicative Disorders	4500	13.26684511	16.65804062	29.12118128
f32131d0-cd26-4d32-81f8-4cc597d5b77c	FTT	Communicative Disorders	10500	20.99162927	26.750543	53.23683199999999
99177a4e-0f4d-48fb-ba48-25dedb3ce8b3	FTT	Comparative Literature	0	8.868289415	11.51763449	21.28569595
c2eeff9b-9783-4d8b-b072-fee187ab70e0	FTT	Comparative Literature	4500	13.09341657	16.97912859	33.12844512
58db170b-562e-4cc6-9f29-2c499aac57b1	FTT	Comparative Literature	10500	22.30276453	29.88355804	68.99433334
60f7b565-e115-4801-b998-bd4b5617459d	FTT	Computer Engineering	0	14.00991705	17.07959561	26.69832023
09eb9b01-0232-4e0e-9f13-ca50a725baac	FTT	Computer Engineering	4500	18.80798946	22.75968096	36.00183989
1907c55b-b8c4-487f-93f8-ae1c7fc717fb	FTT	Computer Engineering	10500	27.57381518	33.61700335	57.32227059
c8f46ce2-ad48-4025-ad21-d22a66eb9a6c	FTT	Computer Engineering Technology	0	8.486250561	10.89537879	19.09985051
157499ce-6e61-4230-9bfe-56d6aafa2047	FTT	Computer Engineering Technology	4500	12.29010616	15.60784242	27.909467699999997
5ccc4f74-8bf1-4d5a-8534-8d4bbac490c7	FTT	Computer Engineering Technology	10500	19.89929826	25.59756545	48.8465332
0c8e4af6-2155-4872-b574-79c197395e3b	FTT	Computer Science and Information Technology	0	12.95851149	15.37706844	22.35723258
09419bbb-57a1-42e8-8616-f6525348c646	FTT	Computer Science and Information Technology	4500	16.69501707	19.59992617	28.37872
3d5a4902-e2a8-41e0-a5b6-e616625ea1b4	FTT	Computer Science and Information Technology	10500	22.95257307	26.89771718	39.86345845
d1299ca2-d9c1-4b5b-83d5-abed3fe30599	FTT	Construction Engineering Technology	0	9.695756279	11.63686784	17.26294173
53bb3c11-1d33-4d5c-9c82-6b1ce35c7c82	FTT	Construction Engineering Technology	4500	12.6947911	15.03267267	22.16441985
6113f933-6ce0-48d8-9279-d2c2890ec43b	FTT	Construction Engineering Technology	10500	17.74596283	20.95672544	31.42965427
00835a7b-5ef8-4fb9-ba9e-0441ed6612c2	FTT	Creative Writing	0			
d1ae263a-46cb-4fd5-acb3-5e4802b6d4e9	FTT	Creative Writing	4500			
f454f9de-46af-408d-9f60-0dc6ab62b041	FTT	Creative Writing	10500			
7db9d03c-24fd-4e64-a7a2-00841a7d574f	FTT	Criminal Justice	0	5.620987507000001	7.166477616	11.61353454
a7dc9c97-0c96-4382-93dc-77b78d1fe332	FTT	Criminal Justice	4500	8.002614397	9.846112864	15.59971454
231b7723-cab8-4c71-a65a-bea5e6435040	FTT	Criminal Justice	10500	11.99897375	14.59951315	23.86644266
66369bb3-98a2-4f3a-a57d-6d62d3dc85cf	FTT	Cultural Resources Management	0			
130a8308-82bc-49b6-83ff-60e1fc4d6ca5	FTT	Cultural Resources Management	4500			
382d411a-f101-4a99-bd70-6f44104bbb90	FTT	Cultural Resources Management	10500			
46112622-e3f3-48f4-953c-4b2fd40d95c4	FTT	Dance	0			
277364f3-988e-4e83-a042-7ea4d25c097f	FTT	Dance	4500			
ed5d5546-8c0a-47af-8592-2ef5cb846fcd	FTT	Dance	10500			
d2bb5d68-7902-45df-ba82-a8e62da9e5a5	FTT	Dance - Performance	0	5.007527987	6.41503897	10.335525599999999
4b072c30-1840-4d2a-97b6-6357598d8071	FTT	Dance - Performance	4500	7.16674921	8.799859357	13.7077456
752a46ec-010e-4f9e-9352-b034dbc1c1e4	FTT	Dance - Performance	10500	10.66677327	12.87168812	20.50111784
021a28bf-9f18-40a3-b0cd-357a28d2743d	FTT	Deaf Studies	0	5.813482222	7.813423257999999	15.012867199999999
9760208a-6bf1-4e57-a19a-2f17e9b940fd	FTT	Deaf Studies	4500	8.976739429	11.81552652	24.75123807
557765bf-b037-4a22-8afa-705fa0d7c1e5	FTT	Deaf Studies	10500	15.78786049	21.91825339	64.32205970000001
8f683ab8-44cb-4463-bd4c-8b454b62def9	FTT	Design	0	6.64745614	8.512996405	14.44437665
2042c3f7-19ae-48b0-ae3f-aaecbd020491	FTT	Design	4500	9.5586609	11.97079916	20.74853716
87b2104e-9b22-45d4-8ed5-91f37f86f354	FTT	Design	10500	15.00749528	19.05981132	38.62617253
f52fdb91-8559-4897-adfd-ae79f3092dc4	FTT	Dietetics/Nutritional Science	0	10.68433499	13.58312442	23.85381896
e99cde6b-5c00-4efe-8d6f-3c6bd1f26925	FTT	Dietetics/Nutritional Science	4500	15.28530471	19.40076973	36.11812883
8195509b-d171-4518-8077-84c98a015e9d	FTT	Dietetics/Nutritional Science	10500	24.89640793	32.69936364	86.24969234
a6b46ee0-cb82-4e8f-993a-abfcc618765c	FTT	Earth Science	0	10.42433122	13.69467775	26.44600461
8e88364d-0a21-4a56-8742-de34266f5e11	FTT	Earth Science	4500	15.69695758	20.75497461	42.06538711
e716ecb1-17d2-4842-aba6-3f90911ecb9e	FTT	Earth Science	10500	27.79211471	37.79685471	77.25073244
6476f130-83c8-4ed5-882f-81cbfeb226ad	FTT	Economics	0	5.821023165	7.41744771	12.0883164
151ce855-4e1e-4782-8ce6-e3935399d3de	FTT	Economics	4500	8.286436251	10.216975099999999	16.38774784
4c2e9c3b-639e-4380-a9aa-93205346fe12	FTT	Economics	10500	12.499219300000002	15.29853816	25.63749689
86781be0-e2d9-4b26-b2fe-87b44e34f3a3	FTT	Education	0	3.213679983	4.440383756	7.779818669
be0b10af-264d-4843-9924-6229b1960fe1	FTT	Education	4500	5.088831356	6.483377575	10.59313397
9225e644-be02-471f-b982-7ea34aa8e402	FTT	Education	10500	8.05791909	9.898671267000001	16.20180688
7539cec4-c5b9-4cbd-99ee-a29587898cbb	FTT	Electrical and Electronic Engineering	0	18.26796817	22.17137995	33.59141383
1a828bc0-fbba-4d61-8c5b-f3a4921c71e3	FTT	Electrical and Electronic Engineering	4500	24.30917096	29.04687129	43.80945951
0ce0d320-f2d9-40e8-bca7-3e7dc0f77e6d	FTT	Electrical and Electronic Engineering	10500	34.58116386	41.24693434	65.54081281
71190626-a38e-499e-9592-6349889d5f6d	FTT	Electrical Engineering	0	13.11393798	15.59786691	22.79284459
f68421a9-c645-4301-b283-a4ae84f3b861	FTT	Electrical Engineering	4500	16.95378454	19.94702217	29.01940259
4db3d81b-72e6-4a8d-8fe3-6e588a34e68e	FTT	Electrical Engineering	10500	23.40779003	27.48663305	40.93672094
cdddcbcf-6587-4584-9fb9-209ca95218aa	FTT	Electronic Engineering Technology	0	14.40976628	17.372948899999997	26.42232487
3d1d3e81-de3a-44aa-9030-5b68b0b976b3	FTT	Electronic Engineering Technology	4500	19.02536543	22.76001517	34.83109414
0f1c9385-6099-4f1a-b905-40c671d458d4	FTT	Electronic Engineering Technology	10500	27.22821676	32.70862487	52.70709704
45b14548-ccea-4a2d-b986-06b83b59a3a3	FTT	Engineering	0	17.14718575	19.97312609	28.12610416
61e34310-fce0-4122-a2aa-6a192295b623	FTT	Engineering	4500	21.5125033	24.904757699999998	35.18140258
c86695e6-7063-4df3-981d-bcfe54a437b2	FTT	Engineering	10500	28.82213944	33.44235199	48.80418012
015b07d8-385f-4ddd-9fd4-b17d9cf5f7a5	FTT	Engineering Technology	0	7.426928876	9.118813949	13.92069683
6f1a5860-5f96-4f3d-a7d4-5a9c7562f363	FTT	Engineering Technology	4500	10.03200495	12.03171906	18.03124892
dc95948e-f4c9-4cba-b238-ae0c86c13eda	FTT	Engineering Technology	10500	14.32790098	17.02205736	25.75894082
10ba1f25-9272-4ff1-98b5-ac59455473e0	FTT	English	0	7.359149363999999	9.408812844	16.04799103
2ad47e4c-e7be-4d45-9726-899cc54b78a1	FTT	English	4500	10.568498	13.26578264	23.08175331
842f1f93-6a41-4e26-a48b-ad13cd4eff1e	FTT	English	10500	16.68149627	21.21487956	41.68107553
5c354cc4-cc20-422f-aeb2-b2e326e65dc0	FTT	English Literature	0	9.833333743999999	12.50944066	21.55485129
4eae97a2-20b4-40f2-a943-a3e6138dee66	FTT	English Literature	4500	14.05921871	17.72921017	31.11991808
8e27d318-2ee8-4bee-9e70-590e9865b566	FTT	English Literature	10500	22.42572656	28.60842981	55.04096516
46fa8fb7-6ff5-4bab-ac26-6a20b47d3a10	FTT	Entrepreneurship & Small Business Management	0	8.589999344	11.06544634	19.71458429
a120069f-06e2-4ead-8bcc-fecf6f73ec1e	FTT	Entrepreneurship & Small Business Management	4500	12.51069349	15.9888911	29.40349236
5f94988f-95dd-4fbe-8d1a-2991906261ee	FTT	Entrepreneurship & Small Business Management	10500	20.57694563	26.82208275	53.99214122
080d9e32-487b-4ebc-a098-5641b8e08954	FTT	Environmental and Occupational Health	0	10.14481302	12.43202367	19.37819404
c67a1ebf-797e-450c-be04-3f28e257000d	FTT	Environmental and Occupational Health	4500	13.70201274	16.56761448	25.84250248
9a7ae26b-c6f1-4217-854c-6f7e170bd167	FTT	Environmental and Occupational Health	10500	19.99707648	24.2097293	39.57063113
7446315d-8f08-47a5-ac83-c053b7e0d244	FTT	Environmental Biology & Ecology	0	7.08018859	8.836765714	14.11025281
a01f4811-ccc1-4b5c-97d1-16ff725550b5	FTT	Environmental Biology & Ecology	4500	9.802100951	11.97134873	19.20435751
4a7d735a-8768-44ae-9b32-ad2f52e491a6	FTT	Environmental Biology & Ecology	10500	14.58531507	17.88480934	31.90730937
9ba19574-b06a-4a3c-a861-2b181b04a9b9	FTT	Environmental Engineering Technology	0	7.038567467999999	8.967071914	15.02559037
09b6c315-4a94-4b9b-a053-5839890e81df	FTT	Environmental Engineering Technology	4500	10.04620849	12.52181471	21.13982804
50638f51-4ed6-41bf-a718-7bbcf9f7c489	FTT	Environmental Engineering Technology	10500	15.58880025	19.54663689	35.72259892
adb37fa6-87e5-498b-b32c-707686ec6ee4	FTT	Environmental Studies	0	6.560620822000001	8.442036748	14.64048904
5c413ecd-72ba-477e-b28b-ff3545c29ece	FTT	Environmental Studies	4500	9.506236929	12.000343199999998	22.04958152
5a98e30e-de5c-4ed2-bb65-d0e215edf573	FTT	Environmental Studies	10500	15.257116199999999	19.93494352	46.74464542
0daca116-1f13-4e9e-8155-ef5a970aa402	FTT	Ethnic Studies	0	6.234935566	8.126186695	14.61641994
3d2ee174-b6b3-473c-b861-1ce1400cd39e	FTT	Ethnic Studies	4500	9.207727969	11.78900979	23.301016399999998
b96c2d2b-8908-4562-b874-61d7274730f8	FTT	Ethnic Studies	10500	15.294046300000002	20.69302424	51.00946629999999
462d1990-0e83-4e41-8933-0820fc46eb07	FTT	European Studies	0	5.469730666	6.998658578	11.41680723
8460aed8-a59b-4919-9a72-2ab3dcfffeb3	FTT	European Studies	4500	7.826436791	9.655160385	15.44802479
5743f18a-dc51-4c02-b5cc-0ef4abeff26b	FTT	European Studies	10500	11.80256987	14.42639832	24.35156513
b71461b5-2b13-40a7-93e2-a04037c3a261	FTT	Exercise Science	0	7.516438121	9.659944479	17.00181135
de00f3ea-011d-4bf0-bb1d-52d15070f6a2	FTT	Exercise Science	4500	10.89299915	13.83374125	25.88610404
1cfdd763-5d67-4371-9a21-60042acff3ab	FTT	Exercise Science	10500	17.74609398	23.3788479	43.07739227
9fb82ea1-a3df-4e71-b116-c9210d5fcdea	FTT	Family and Consumer Sciences	0	5.3976840710000005	7.168118809	13.01986831
04b83646-662e-4fdf-b337-db37a80526b6	FTT	Family and Consumer Sciences	4500	8.16903846	10.51922605	20.0468062
8a2e2c17-aea1-46db-83d3-2a9603b2c039	FTT	Family and Consumer Sciences	10500	13.60593418	18.05566566	46.15963275
a88a1bc0-6852-4052-9717-25f87429bd91	FTT	Finance	0	8.067621713	10.00843005	15.74291493
67fd3035-1191-4171-81dc-c5b36a626b83	FTT	Finance	4500	11.07361689	13.44865044	20.88498625
8404e043-efee-4edf-a00e-34b15d078fd4	FTT	Finance	10500	16.24352737	19.60512598	31.02493035
9b6c2b26-9f6b-4d03-a356-46c64e37edd5	FTT	Fire Protection Administration	0	2.343167246	3.24879037	5.460981867
136fc81c-ddf7-4cdf-aa02-ecefccbc5221	FTT	Fire Protection Administration	4500	3.708108732	4.647896151	7.025127434
ce077587-a177-4dd9-9484-092e51d47d7f	FTT	Fire Protection Administration	10500	5.627720889	6.663889857000001	9.425310681000001
05e3a7fd-439a-4797-a9af-f6a6b4a37658	FTT	Food Science and Technology	0	6.581836817	8.316082163999999	13.41271773
b05f112f-9420-4cae-b405-c07e7467a710	FTT	Food Science and Technology	4500	9.263774508	11.37276817	18.02793264
ed183b35-8530-43f0-accc-4bd585832b23	FTT	Food Science and Technology	10500	13.85897055	16.87192757	27.37943357
a0891899-15b7-49eb-ab10-5e658ebd3b1f	FTT	French	0	6.440848825	8.506273699	15.74533635
09a81462-bda2-426d-9242-53d1eff92b65	FTT	French	4500	9.701851582	12.58471361	24.73706659
1a7f89d4-c3df-46c3-b039-8d0af3bff0bc	FTT	French	10500	16.495162	22.20779062	56.29174701
bebb10df-d215-4223-8a15-4e69c9d389ea	FTT	Geography	0	3.888361997	5.181852581	8.769920393
18937fd3-0cf9-44fd-99d1-c998360e0b1a	FTT	Geography	4500	5.8704651960000005	7.364069852999999	11.88964978
8317d7f4-ccec-4f2d-ba38-e431a56a3fe0	FTT	Geography	10500	9.073883999	11.10972294	18.50447905
d40e23d3-ad09-403f-9f52-4f6e2a173eb1	FTT	Geology	0	10.93876521	13.58709025	21.99717612
387e19dd-c502-4211-b034-610b4472ebb2	FTT	Geology	4500	15.08681864	18.53776979	30.16034063
371d9d8d-7c4c-4dad-b150-75984023b368	FTT	Geology	10500	22.76721079	28.0749848	48.35976326
f9254f27-a1e2-433c-b3b4-e197a396a1bb	FTT	German	0	3.521804667	5.073704007	10.28015582
6e461289-a8b4-48b2-bf62-93ce8e719f18	FTT	German	4500	5.948088765	8.013370721	17.88762844
fd6cd384-b8dd-4044-8604-fe83a0497b71	FTT	German	10500	10.83054496	15.44758198	55.23193323
f8aaa227-12b5-48ef-97b2-a906d4731d45	FTT	Graphic Communications	0	5.957253431	7.560386556	12.18992894
03d810ed-23e4-4dc9-81c9-1297bceca744	FTT	Graphic Communications	4500	8.429536709	10.34874639	16.33063152
65499075-23d4-44f1-a682-4d48e943d350	FTT	Graphic Communications	10500	12.59128819	15.294360199999998	24.78929702
432a724c-059b-44f6-9045-da65ad2e7652	FTT	Graphic Design	0	7.461409048999999	9.667389162000001	17.30804336
54664b82-fb3c-427f-b99e-8fb28fd6785f	FTT	Graphic Design	4500	10.94312167	14.00155158	26.45554159
b57601c5-5da4-4ab8-893c-61c90af3e860	FTT	Graphic Design	10500	18.08426788	23.90998717	58.5626975
f210ac51-e5ce-4ccd-811a-178ab4b04656	FTT	Health Care Management/Administration	0	7.585340974	9.524260137999999	15.52452286
4958a5f5-f562-490f-9fa6-99a08c029adc	FTT	Health Care Management/Administration	4500	10.603461099999999	13.06183871	21.47776523
8c57d475-a7ee-41cd-9e55-88c738069f12	FTT	Health Care Management/Administration	10500	16.07567622	19.93012365	35.96584579
ea8cd1dc-238a-4720-98e8-eb0b450951e1	FTT	Health Education	0	7.424053165	9.566226907999999	17.04352717
ded994b8-a911-4a97-ae76-69f52e897e09	FTT	Health Education	4500	10.80399736	13.78072774	26.69488589
51c4738a-775e-4b02-9dfc-8c9b3c012c43	FTT	Health Education	10500	17.82089067	23.87810022	57.55691423
86fa03a1-77f2-4b4d-a97a-ea48c7f7dd98	FTT	Health Science	0	5.228249841	6.794073842	11.47101387
a65abc7e-6796-4ae1-8e51-2def39d6f683	FTT	Health Science	4500	7.650995965	9.573053692	16.0378599
3a218fd7-d9cf-4f8c-afab-a5a3265c0d07	FTT	Health Science	10500	11.89371908	14.8471708	27.55455935
936974c2-d7d8-452d-b61b-091cd5cd0088	FTT	History	0	6.640801159	8.450919038	14.04678571
24a6df7e-3b23-4aa5-bc9d-6f61321b6982	FTT	History	4500	9.456289527000001	11.746108300000001	19.67304002
d59d4d1f-96f5-4d3a-84a8-c105aa0e4a1c	FTT	History	10500	14.56338516	18.1998754	33.79569236
ffda4a74-5ee7-491a-b6c5-8901d9ddfc34	FTT	Hotel and Restaurant/Hospitality Management	0	6.994576575	8.999409641	15.39763942
9751fffc-6be5-4b35-9c35-c53a13d0f9b0	FTT	Hotel and Restaurant/Hospitality Management	4500	10.1289111	12.73868448	21.90623084
0016ea33-e270-4091-9a37-479a2d29e215	FTT	Hotel and Restaurant/Hospitality Management	10500	15.997353599999999	20.21348197	37.099932700000004
3b13e5b0-9753-4fcd-bd29-cf4bad58786c	FTT	Human Development	0	8.492953835	11.20849424	22.45674646
bee02e1c-943c-4f2e-a13d-211772164c90	FTT	Human Development	4500	12.87416976	17.20402608	39.44734954
fd8ab956-d641-4dbd-be35-2b999288954b	FTT	Human Development	10500	23.77233388	34.44305868	129.6074763
c7e95e05-e741-43f4-b600-1b3d9a947992	FTT	Human Resources/Personnel Management	0	5.801439208	7.2996932679999995	11.47036619
3c8ae10e-272d-4906-8b96-7c406e50c0ef	FTT	Human Resources/Personnel Management	4500	8.101218326	9.841591412	14.97914154
74106e7e-e5b0-4466-b330-9a3a2d732e82	FTT	Human Resources/Personnel Management	10500	11.81989833	14.1212889	21.48601228
61f2923f-7277-4b6a-86c0-4bb7dc17bb03	FTT	Human Services	0	5.396241171000001	7.06991249	12.17676051
92a56739-ee57-44db-92cf-f2c9c67cab31	FTT	Human Services	4500	7.9942454839999995	10.08777081	17.21308609
f048fd8b-2147-4e47-b091-4f1dde47ccca	FTT	Human Services	10500	12.64385132	15.90697063	28.85706387
d83a3f75-ee80-4356-9c82-543d9d26e1a2	FTT	Humanities	0			
ed461392-4729-407c-a798-75e6ddb7abbe	FTT	Humanities	4500			
3151c444-e6ea-44fd-9b71-672748f29cb3	FTT	Humanities	10500			
5948a7ca-b604-46a8-b4dc-26dee6bf70f7	FTT	Industrial Arts	0	5.180849683	6.398221297999999	9.489523572000001
a6e821cb-2b01-40b8-8421-0d759de394c1	FTT	Industrial Arts	4500	7.026603037	8.33475446	11.76169823
7e13e166-6da8-47cf-a845-c0c746a0ca86	FTT	Industrial Arts	10500	9.728767122999999	11.23187669	15.32561828
5632234f-8e48-46e7-8539-541607a1d0c9	FTT	Industrial Design	0	10.98555703	14.08033583	24.38041396
9d12f07c-d6a8-49ca-a925-2d5eeb53a9ed	FTT	Industrial Design	4500	15.87734563	20.09454323	34.52324443
e93e0b1d-0dce-44e9-9838-5a90ac780ab3	FTT	Industrial Design	10500	25.33729189	31.93386981	57.33468901
7ae2a97a-284b-4d2c-88c9-9364e463219a	FTT	Industrial Engineering	0	16.060265400000002	19.25352291	28.73790599
bcba61e5-b27a-43b2-9891-c086146f50cc	FTT	Industrial Engineering	4500	21.0155997	24.94775914	37.21055904
d25f7e88-a4dd-43ac-934f-594b6966c910	FTT	Industrial Engineering	10500	29.56351476	35.1010349	54.21172088
8fd968ac-6a1f-4714-b7f8-fbe5b312149e	FTT	Industrial Management & Technology	0	6.074280648999999	7.689824837000001	12.33286834
7207fb14-8e79-4cc6-8309-a02fabda0636	FTT	Industrial Management & Technology	4500	8.564655927	10.49204216	16.42892309
6c9344bd-756f-4096-b02f-d5b04e42c123	FTT	Industrial Management & Technology	10500	12.73278932	15.41054458	23.83271403
92e5ff79-f655-457f-b481-41c399a142d9	FTT	Industrial Technology	0	6.5316059420000006	8.295698548999999	13.50984651
c15fbfa2-abf8-4e49-9b7c-6440932b728c	FTT	Industrial Technology	4500	9.262369981	11.41920177	18.23041688
9c65ca89-43fa-4244-852c-9b6667e035c5	FTT	Industrial Technology	10500	13.96732383	17.051498600000002	27.56520328
f8d35458-6448-413b-881f-07eb46103ff3	FTT	Information Systems	0	7.99139821	9.798358041	14.96514524
6f2a7422-1707-4b2e-938d-c9132a64f6e2	FTT	Information Systems	4500	10.77742423	12.92819345	19.3998344
04c50d39-36e9-45c9-b550-6ac8a5e86dca	FTT	Information Systems	10500	15.40456821	18.31175455	27.69473143
b6e31b62-46e7-409b-afcc-a459fe073720	FTT	Interior Design	0	12.88658396	17.43655668	36.13618645
6fd837fa-373b-4ff5-92f7-52e05022c3ad	FTT	Interior Design	4500	20.32558946	27.75169021	59.96439516
8c30a241-0a8b-4f73-88f2-0010bc9e6d31	FTT	Interior Design	10500	38.12418427	53.21305668	197.638269
10523280-3714-42f2-a295-7e441b18f8d2	FTT	International Business	0	6.758257386	8.704808871000001	14.95151574
1d53a9be-4cbb-48df-8b39-36f3cd81e1b5	FTT	International Business	4500	9.80186145	12.343462800000001	21.45511548
bbbc60f6-0718-40e0-92da-efad4798c58d	FTT	International Business	10500	15.54326123	19.74620005	37.14627022
d66e88d2-5502-4f34-a375-a7bcb2010d90	FTT	Japanese	0	6.107756362999999	8.11845632	15.46894917
975caf15-7d82-43b7-a81f-28bae54b0b04	FTT	Japanese	4500	9.291385775	12.17167733	26.19971552
c69c1a00-c4ac-4623-9f52-412d788088a8	FTT	Japanese	10500	16.28057091	22.94493885	65.99294405
20c98154-fb5e-435c-9b5b-79fc8d671166	FTT	Jewish Studies	0	7.739136729	9.971247116	17.82380623
76aad471-edb6-4184-8bfa-6625998c6c4e	FTT	Jewish Studies	4500	11.26679943	14.39366803	27.80360901
f3b2f0d8-e230-4cf5-98cc-d8edb5ab0f98	FTT	Jewish Studies	10500	18.63915286	24.93053166	45.86611894
dc66d89a-5967-4732-a5bd-e175d6ab14bd	FTT	Journalism	0	5.142019779	6.863095827	12.4537052
33fd602a-78b0-4662-b004-2da21c921b5c	FTT	Journalism	4500	7.830859106	10.08579744	18.88651467
63c45c31-cd5c-483e-b24d-860513e72643	FTT	Journalism	10500	13.00334349	17.10068165	39.336699100000004
f7f06b75-9a75-4712-b71e-8b5b9c773b25	FTT	Kinesiology	0	7.1650771120000005	9.206257432000001	16.00181384
1dd97edd-9125-444b-995a-cad87762c187	FTT	Kinesiology	4500	10.36935806	13.10847756	23.76359945
e6257782-6ca7-4e80-baa2-4dba4ecea61e	FTT	Kinesiology	10500	16.67255843	21.63010999	49.48096208
15eae04d-0c50-42d7-bc5f-f0e49a4b8b50	FTT	Labor Studies	0	11.9667982	13.82807725	18.68994556
82fbb13a-4dfd-49fd-b2b4-266585c80bab	FTT	Labor Studies	4500	14.80270828	16.85605475	22.33562043
8b709308-b4bd-4d80-9bd0-3856890e0b00	FTT	Labor Studies	10500	19.071825399999998	21.48235999	28.09977109
d0240cad-57ed-4977-8e21-225c18920953	FTT	Land Resource Management	0	13.66813288	18.45563882	38.09310466
7e9214d3-7585-4dc1-8da1-d26c1e2181f0	FTT	Land Resource Management	4500	21.480574	29.23851883	64.97774614
384026a9-0d0c-41ca-a3b4-204f6f1f7c56	FTT	Land Resource Management	10500	40.22335569	56.99972298	165.8415155
70594a13-31e1-4573-b5af-18071efa8868	FTT	Landscape Architecture	0	11.38828042	14.31866354	23.51594238
5e519069-cdbd-4ef4-8826-24ae15d3fe51	FTT	Landscape Architecture	4500	15.97746651	19.76934953	32.11722369
d952c680-2a0b-4242-8200-cfa89cc79136	FTT	Landscape Architecture	10500	24.34147792	29.95011117	50.31191642
218d327e-e06b-45ea-8e7a-634a9189b5f8	FTT	Latin/Central American Studies	0	4.426520998	5.887529402	10.19774761
932c7386-79cc-4644-8711-e384449f177b	FTT	Latin/Central American Studies	4500	6.682531824	8.455982712	14.38001509
ed3fd584-abdd-4b60-9095-32dae9876893	FTT	Latin/Central American Studies	10500	10.58489327	13.28841759	25.04465703
b3313a17-89d3-4b75-aed9-ee78103bb7b1	FTT	Liberal Studies	0	8.458982263	10.66369605	17.74742393
a0ed0ede-a9e2-4c68-b3b2-58f9cdd82da7	FTT	Liberal Studies	4500	11.9106066	14.79875151	25.0238635
6f67466b-9d89-4a12-b2b7-e210b66a01ed	FTT	Liberal Studies	10500	18.41346912	23.11757156	43.20580548
d612d280-715d-4b2f-b876-909a1a3cfda3	FTT	Linguistics	0	3.4067491480000003	4.804697504	8.995944733
cf993b71-d7a7-4876-b418-e8d99b42e16f	FTT	Linguistics	4500	5.567334324	7.281218300000001	13.38817644
5814921c-223e-4104-80b6-cfbcd9a8ff39	FTT	Linguistics	10500	9.383455538	12.18849544	30.01897658
ce143cc6-1abb-40ab-903d-91d4490771e6	FTT	Management	0	6.701996804	8.473648421	13.77764011
cd3a3fbc-fcd0-4732-91e4-9ec284cf6dc2	FTT	Management	4500	9.448053218	11.63501378	18.73352549
3c69357f-8e87-4295-8824-b6f38374d7e5	FTT	Management	10500	14.25018395	17.47790899	29.19950275
f89faf95-ab75-477f-8e38-013eef21d35e	FTT	Management Systems Analysis / Operations Research	0	3.020410995	4.052639873	6.645334227
68dee795-b078-4976-a033-5fe5c0c0b39c	FTT	Management Systems Analysis / Operations Research	4500	4.582194427	5.679582633	8.550111321000001
62548b73-b23e-4d4e-a762-167b2f9637de	FTT	Management Systems Analysis / Operations Research	10500	6.845367782	8.104445545	11.60470133
1ac67756-93cb-4db7-b7b0-fe05f30e8f96	FTT	Manufacturing Engineering	0	22.09278514	26.21637223	39.12218134
b79abf74-7572-4932-890c-494de775b19a	FTT	Manufacturing Engineering	4500	28.53043591	33.82058573	51.93161737
fd9a6e3b-d509-41a6-91cc-202c1bc8d142	FTT	Manufacturing Engineering	10500	40.30784098	48.59732848	84.23984861
ad5873ab-edd9-4c46-acec-ce04497adf34	FTT	Manufacturing Engineering Technology	0	11.40727539	14.060619400000002	21.41157564
283f3da3-9e51-4a48-b2bb-d828ae51f56b	FTT	Manufacturing Engineering Technology	4500	15.49531418	18.59152481	27.08049646
63ad8fa1-0050-4f8a-a066-13ffc01374bd	FTT	Manufacturing Engineering Technology	10500	22.00275787	25.75060488	36.05255475
11fcc0e8-9001-4f13-ab1d-ccf280fd380b	FTT	Marine Biology	0	5.714276054	7.442185447000001	13.03694241
9f503c1e-db05-43de-903a-b3c8396d1aa2	FTT	Marine Biology	4500	8.411936412000001	10.66736673	19.66224788
e394c0ac-1530-43bf-aa9f-017e71be263f	FTT	Marine Biology	10500	13.58886485	17.77124553	52.61685217
66f2aa8d-fbdc-4493-97f1-6064c298a7d2	FTT	Marketing	0	7.831201286000001	9.893678976	16.33492103
93763807-90e0-407f-b59e-2a87e4846dfa	FTT	Marketing	4500	11.04846865	13.68949865	22.62051347
49ac218a-78a7-4fbd-8342-bdcb76c52fa7	FTT	Marketing	10500	16.92500257	21.00921461	36.568617700000004
87b022fd-55b6-458d-bad0-4c745049e4f6	FTT	Materials Engineering	0	22.95706722	27.64030767	40.51738902
1aa189eb-f2a8-4cbb-ab4c-dff547342ba9	FTT	Materials Engineering	4500	30.13776481	35.5248082	51.14762346
b47851c1-c6da-4552-be9d-b958b85198f4	FTT	Materials Engineering	10500	41.58297303	48.55914026	70.93592235
440d39a4-ef3e-4539-b9e9-48b888d6d96f	FTT	Mathematics	0	10.93245047	13.54323773	21.95046927
a549fb54-e992-402e-b84e-db9786fbd6a0	FTT	Mathematics	4500	15.02498596	18.457171600000002	30.53804615
d7d113f3-77e6-470d-b964-d448d0e6f05c	FTT	Mathematics	10500	22.73771653	28.28776009	52.68450992
57dc1cab-d659-40d0-848e-29ac6ab32262	FTT	Mechanical Engineering	0	16.54774397	19.64420218	29.02899227
1c688bf7-07ad-4906-bd6e-c209354c9975	FTT	Mechanical Engineering	4500	21.36332459	25.23644377	37.77456687
d59910c9-d314-4a19-bb02-996188e8ec7c	FTT	Mechanical Engineering	10500	29.86399567	35.55812238	56.89381554
02d33548-a770-4d81-83ea-bb018ba2c544	FTT	Mechanical Engineering Technology	0	7.038567467999999	8.967071914	15.02559037
850313f7-075e-4b13-9fa2-ffe939319ddc	FTT	Mechanical Engineering Technology	4500	10.04620849	12.52181471	21.13982804
7e92477d-dfd5-4219-8df9-0c3be3bf6a94	FTT	Mechanical Engineering Technology	10500	15.58880025	19.54663689	35.72259892
1bda7e58-38bf-4f4d-b7d6-8ad12f39be51	FTT	Medical Technology	0	17.76007998	20.9417544	30.58776284
32d55ca8-8969-42cf-bba5-8faf38a1f91d	FTT	Medical Technology	4500	22.70598249	26.68219537	39.69903507
ca3a1913-9b8b-415f-8221-433da49f2b69	FTT	Medical Technology	10500	31.45039608	37.37152015	60.60744852
f6c135a8-8c49-4948-beaa-fbe3466ec6e8	FTT	Mexican-American Studies	0	6.158700869	7.822653535	12.661134599999999
b562ca06-5095-4222-bce0-e079f96809df	FTT	Mexican-American Studies	4500	8.727655211	10.73215967	17.00731462
4ab0d8b3-bac7-46e9-82ed-4fcbad0e0913	FTT	Mexican-American Studies	10500	13.08214977	15.91958913	25.84978252
225ef636-7c19-453c-985d-e02067da7738	FTT	Microbiology	0	10.80632837	13.48451892	22.60330528
8c45d7ac-9af1-422e-a75f-9a357c097de1	FTT	Microbiology	4500	15.03207943	18.70885298	32.95771076
1d222df9-4026-4659-8bdc-32d91c83f2a7	FTT	Microbiology	10500	23.50433825	30.12647665	67.36117215
65561628-743c-478d-a8bd-37e305c206ea	FTT	Multimedia	0	5.825782739	7.877097325	16.22485893
3986e342-d424-4867-b9e0-fbce1f72bbf1	FTT	Multimedia	4500	9.100914519	12.24290291	34.61860081
748de308-d16b-45ec-8f91-d3d6b33ebbb2	FTT	Multimedia	10500	17.29519652	28.01652639	244.65632459999998
cdfd2260-801b-4ae9-be24-1e554e1061b8	FTT	Music	0	8.653829405	11.40702145	22.27533473
fe8103d8-3577-4a04-8685-0da447dfd8b6	FTT	Music	4500	13.07664573	17.32056851	37.82721405
1920e045-4e49-42ac-ad85-60fd6e8e19bf	FTT	Music	10500	23.48978799	33.20904937	127.4788598
e568515f-4f63-4524-88a7-909b3e16993b	FTT	Music - Performance	0			
af168789-7f82-4e50-b75d-b688e9dfc731	FTT	Music - Performance	4500			
15128787-1ee0-4951-bb13-9cc30960c77e	FTT	Music - Performance	10500			
a343b2fe-3077-4925-ac20-e8a634a57e95	FTT	Music Education	0	15.48991076	20.33696193	38.28969687
830f1c65-2e3d-4a34-9365-a27ca477c7f6	FTT	Music Education	4500	23.26241735	30.437405199999997	60.90383469
d994d024-54ca-4660-842b-bcb899538c5c	FTT	Music Education	10500	40.14398395	54.37258804	180.3223486
680cca2e-b2b0-41fc-9da9-fb850f780a1a	FTT	Natural Science	0	19.68476505	27.20004432	60.86715083
b665d7a3-c5cd-4ba5-bcc8-4ff8c15412f4	FTT	Natural Science	4500	31.99001857	44.69944704	148.0271291
3b4a4fce-6492-4116-ae68-b47d5ee1b4b1	FTT	Natural Science	10500	65.17578023	110.2897711	180.0
4f88c2f8-8384-4ec4-896e-fb688a95132f	FTT	Nursing	0	4.749556051	5.8380264760000005	8.521750474
bcbd7a6b-495f-482f-bc1e-52d4f1606cd3	FTT	Nursing	4500	6.393168887000001	7.5333611970000005	10.41492575
76211a0e-09e2-45c9-9700-5eb87a4e7dda	FTT	Nursing	10500	8.72434146	9.979696612	13.24298823
07807b2b-166d-4940-96c1-cc5558a79c42	FTT	Occupational Studies	0	6.644367921000001	8.298091365	12.93846323
0d7e8d00-3aff-42ea-883c-dd46f908e616	FTT	Occupational Studies	4500	9.187439754	11.12483794	16.80550099
c07e6190-11d8-41af-9333-29d32fd70e29	FTT	Occupational Studies	10500	13.32684336	15.86812644	23.64523522
ea8c0700-bc77-4aa4-9389-21943109c876	FTT	Occupational Therapy	0	20.60140747	24.55853235	36.73533764
2e7c9a41-e155-4fff-9f50-9c82d50c2728	FTT	Occupational Therapy	4500	26.76679358	31.77574727	48.448605900000004
7ab41f50-bd9c-4a48-9a66-01774b43f018	FTT	Occupational Therapy	10500	37.83583063	45.43768331	76.06857411
4935b48b-b311-412c-afc8-945d7767094b	FTT	Performing Arts	0	4.146035526	5.438344666	8.986804028
c89deae8-2056-48eb-8349-fcd18cff1d93	FTT	Performing Arts	4500	6.124023101000001	7.60425026	12.00822593
eb7e54dd-e820-4a4f-b665-9bca25388a3c	FTT	Performing Arts	10500	9.284158747000001	11.25949162	18.17769118
b675a320-4e4a-4df6-8cb8-fe1dd4760ef6	FTT	Philosophy	0	5.100928255	6.79035184	12.22626128
15c6763c-5c09-4257-ac7c-77a7cc7572da	FTT	Philosophy	4500	7.736755492	9.932248539	18.4770098
3d9c9d24-3f29-4667-a849-d1310e237bb4	FTT	Philosophy	10500	12.75782008	16.72895985	41.55071036
0dc26b3a-f69c-4ca4-9026-ea5a450ab834	FTT	Physics	0	11.00331242	13.51687603	21.61042134
d3b87d6f-bb24-455b-9e55-351753220b22	FTT	Physics	4500	14.94182178	18.24338544	29.91640548
d6e45624-7c7e-4866-8646-e44129e2b437	FTT	Physics	10500	22.37041632	27.73807564	51.00737728
25039087-242d-43d9-874e-f5e6062b7376	FTT	Political Science	0	5.756006942000001	7.407202268	12.37206877
d4d9c883-9981-4325-93dd-797b3f19244d	FTT	Political Science	4500	8.314368054	10.35506855	17.17896566
4959c620-b0cd-463b-af03-ef4a61a76f49	FTT	Political Science	10500	12.82066239	15.93670935	28.45421063
0dd2ba2b-87b7-4395-b1b2-972e7b758413	FTT	Production and Operations Management	0	12.36527966	15.21120559	23.88159379
6a6ac700-93ff-4a7f-a0c4-0ae225a75ce0	FTT	Production and Operations Management	4500	16.801015600000003	20.38851587	31.73069603
1f4de59f-8464-448a-b7de-530088b15505	FTT	Production and Operations Management	10500	24.64521745	29.77629681	47.32862843
a1dfdb17-8333-41b0-9a52-f8f6a1487842	FTT	Psychology	0	6.454557881	8.403204946	14.85577515
3dc96715-2765-48b9-94b1-db9abc962bec	FTT	Psychology	4500	9.51063545	12.113076699999999	22.14891835
19be3763-3083-49c1-857d-45318ed0a74a	FTT	Psychology	10500	15.49057275	20.15977086	43.75083462
4767260e-da0d-4481-acd2-affc6ca3968e	FTT	Public Administration	0	6.606903916	8.209283021000001	12.69940349
63f6c7bd-baa3-4467-afdd-e6dbbd42bbe9	FTT	Public Administration	4500	9.069544856	10.94267686	16.4829562
da7b72e4-5b82-465b-811c-36e5ce97c833	FTT	Public Administration	10500	13.07656327	15.55883502	23.45902687
08bf6e9e-404c-4d9c-bb68-24b1b7a4951f	FTT	Public Health	0	7.292206165	9.422061622000001	16.96598096
938cec31-100c-4c89-8912-62418f07b2f5	FTT	Public Health	4500	10.65661497	13.64474657	27.24312577
025fb121-6124-4bbb-a8a2-7e0bd1227c43	FTT	Public Health	10500	17.76643902	24.15912932	138.2422537
96599986-7f5d-4238-a85f-89f47512d2ee	FTT	Public Relations	0	6.5722704389999995	8.46925329	14.619586300000002
9eeb7558-a8be-4a60-9f3a-61ee54607653	FTT	Public Relations	4500	9.53959542	12.030882400000001	21.34086378
cc7477b3-e662-4391-b37d-bc7419f22b7f	FTT	Public Relations	10500	15.21356545	19.52874297	39.90471468
700d3a3c-33f4-4d84-a691-beb19c870b01	FTT	Radio/Television/Broadcast	0	7.278608800000001	9.491361057	17.33904806
014cb89a-c519-421d-ac07-bb38212b8eff	FTT	Radio/Television/Broadcast	4500	10.77993829	13.90282199	27.1334396
fb81609e-d235-4e21-8809-71b66d8f45b4	FTT	Radio/Television/Broadcast	10500	18.15484422	24.373423499999998	63.46601039
8a29110a-e788-4146-854f-428e3a6327d6	FTT	Radiologic Science & Technology	0	14.19412355	17.8541797	30.92031221
ec314e29-39e3-45a1-8bae-ea06d79b6174	FTT	Radiologic Science & Technology	4500	20.02180703	25.27513239	45.85180798
5d59887d-ccd2-414c-8f66-15291ea27f16	FTT	Radiologic Science & Technology	10500	32.22979174	41.80743344	91.4805243
0d724641-1998-4419-b306-26c3e997211d	FTT	Real Estate	0	9.419194639	12.35361698	23.15385993
16b4ec11-7318-49af-9fba-cdc7658dc2a8	FTT	Real Estate	4500	14.1118346	18.43945949	35.60820595
5822face-f83e-47a7-91f6-ee83940db063	FTT	Real Estate	10500	24.25041405	32.24891793	73.90599191
487296bb-92ba-49ca-af87-d1ceedfadefa	FTT	Recreation Management & Administration	0	6.177559068	7.976396901	14.3587184
dfc44c89-487c-4f25-8e75-8bab89b1ea1f	FTT	Recreation Management & Administration	4500	9.041283016	11.59728239	22.36975883
d4a59769-e9fe-4cbc-8941-a69167df5c1b	FTT	Recreation Management & Administration	10500	15.01219783	20.05743567	57.07920603
caab68b0-e9d1-4c61-bf70-3fe6e6db2cef	FTT	Rehabilitation Counseling	0	4.313174678	5.770007815	10.4879993
dad9eb53-b1dc-4507-917f-e0b8bba09d5b	FTT	Rehabilitation Counseling	4500	6.6011828999999995	8.519159134	15.79662355
f6653f2f-5693-46ee-ae71-f415b49bd9a2	FTT	Rehabilitation Counseling	10500	10.94049928	14.30639522	38.44218988
c28c1aff-61f3-4482-b1f3-8261b61acb74	FTT	Religious Studies	0	3.4746200010000003	4.8342901110000005	9.061338757
825096e7-3d31-4cd1-9cff-d4c12fadd687	FTT	Religious Studies	4500	5.598099688	7.330004552	13.46239341
973d21cc-f632-4a97-a55d-77b579e26ede	FTT	Religious Studies	10500	9.452082897999999	12.26832134	28.46836426
e1362569-015e-4164-93ef-7caff4acc1db	FTT	Social Science	0	8.831034718	10.81494653	17.0820092
73c81212-dedf-4e0c-9819-13ddfea4594f	FTT	Social Science	4500	11.96199111	14.56307739	22.74382031
de3e00ae-ee44-4d12-bdd8-7fd9b5298f2c	FTT	Social Science	10500	17.63217671	21.33178972	34.1150374
3a45e23b-e0e0-4d70-ab20-f2dba52cc56a	FTT	Social Work	0	6.845335767000001	8.728798977	15.15078537
ffd94a05-6eb5-4408-814d-7e56d51e94ea	FTT	Social Work	4500	9.838232974	12.45264856	21.89672303
61be551b-3c5d-4cf7-b5d5-e5e2fe25df51	FTT	Social Work	10500	15.764421599999999	20.12636232	37.82457827
7831823d-e964-40bf-9e54-41452bc6e3f7	FTT	Sociology	0	6.326750685	8.001048876	13.39118701
755ecfbe-e784-4c23-bb79-1193c968f794	FTT	Sociology	4500	8.965154996	11.17883531	18.73273884
c90dc2a8-4d64-4120-94fa-7c66429fe539	FTT	Sociology	10500	13.88608108	17.34567533	31.369412
14554957-4e9d-4b71-a9d8-f9e816803362	FTT	Spanish	0	6.876169373	8.666047032	14.56158571
0a68b99c-0b75-4883-92ec-773c14d392be	FTT	Spanish	4500	9.707137114	12.12113751	20.54300827
2e896b9f-173a-4b5f-a515-3f38baa34910	FTT	Spanish	10500	15.11086403	18.979477499999998	35.12031861
4f416c13-fe83-424a-bee0-fb99979c8fa1	FTT	Speech Communication	0	6.43895666	8.310909256	14.87713248
ca524ddd-869b-4680-a451-1d4cb9d1a8b4	FTT	Speech Communication	4500	9.420312095	12.07014963	22.32394297
f2298b11-507d-4009-b13c-8a39c7fe4656	FTT	Speech Communication	10500	15.52787599	20.30473777	42.89543997
05b2d6ad-0a1c-4f0e-964f-e8a1bff7e96e	FTT	Speech Language Pathology	0	7.012373217	8.871749817000001	15.25732628
a6add799-41d6-4642-a3c9-ea21e348cdae	FTT	Speech Language Pathology	4500	9.967637989	12.55744001	22.29391637
d30d9e67-76bc-4269-a3b1-d08679f6eaec	FTT	Speech Language Pathology	10500	15.87774928	20.39318873	42.15165727
d05f7bbf-9323-4138-8eb8-2a2627974e11	FTT	Statistics	0	15.53717915	18.72332354	30.19428496
2a5da4ec-ef05-46d4-b5b4-497e9d2c0478	FTT	Statistics	4500	20.671308800000002	25.32781352	43.09998344
5da95986-8611-4217-9006-3b36afa02727	FTT	Statistics	10500	31.31442773	39.54784961	94.32798009999999
251e73ef-3332-4133-8127-716030b3621a	FTT	Theatre Arts	0			
6609d4d4-ab64-4dbc-92f7-7e08e51e0c51	FTT	Theatre Arts	4500			
af02b172-d42c-4e78-b1bc-2477cbce8643	FTT	Theatre Arts	10500			
2a85ef81-2716-4134-9c87-000a209b3d91	FTT	Theatre Arts - Performance	0	0.9890292620000001	1.936716514	4.417537937
9b4871ad-9e74-48c2-898e-ed53778a82d7	FTT	Theatre Arts - Performance	4500	2.435267139	3.482510586	6.3261159739999995
7532fbd1-44d2-40be-87aa-0d5835870c4d	FTT	Theatre Arts - Performance	10500	4.613372937	5.869393324	9.754336859
3f63dd6a-c170-4d6c-bcc3-6d4f3ab48220	FTT	Travel and Tourism/Tourism Management	0	2.528261339	3.7529352999999994	7.495058824
c11dab45-f0cb-4945-af63-2b7d19a73a3d	FTT	Travel and Tourism/Tourism Management	4500	4.433359048	5.9652325610000005	11.57125081
8ca12cf7-fef8-475c-8c74-c1bab0fd3ac4	FTT	Travel and Tourism/Tourism Management	10500	7.8421911479999995	10.41148305	93.29183686
2eaa5c4f-86c6-44d7-a9f0-d9c431cd022d	FTT	Undeclared/Unknown	0	7.934075837000001	10.13990887	18.22699506
e8575f0f-1adb-422c-9b1a-04b40737d1b2	FTT	Undeclared/Unknown	4500	11.4781413	14.73417476	27.43440754
6326ba70-138b-45e4-88c0-2acb78acbc94	FTT	Undeclared/Unknown	10500	19.03792376	24.95685039	52.82741381
cb7d5be0-1a19-4b80-a7c8-5ea0481a3f5c	FTT	Urban Studies	0	15.10083301	17.77117795	26.62607318
12df10eb-89c7-44a3-81d9-90857ccee05c	FTT	Urban Studies	4500	19.35795866	23.013388100000004	35.15298415
190fd503-4a17-4675-91a2-1307c312e905	FTT	Urban Studies	10500	27.42712971	32.95973411	55.57259953
c3c83bff-6ea0-490b-8f7c-33b3811f702a	FTT	Women's Studies	0	5.523241929	7.29752806	13.99217393
d5f54f5d-7a3a-4caa-8682-49b53b65d991	FTT	Women's Studies	4500	8.360302735	10.98260894	24.4055393
ab715900-02d7-4d24-97cc-0fcd1558da48	FTT	Women's Studies	10500	14.74043014	21.11650574	71.49733199
552e09bd-cda2-4a1f-81a7-4422fc27f68c	FTT	World Languages and Cultures/Translation	0	7.604017863999999	9.696557528	17.69311836
8b16681f-9269-409b-bfb1-4c891277758e	FTT	World Languages and Cultures/Translation	4500	10.9711227	14.12921235	28.90459827
7cfc123e-30bf-4fbe-85a3-730227ec9a7e	FTT	World Languages and Cultures/Translation	10500	18.55936434	25.53580966	108.9243574
6a4f2009-ad39-4182-aac6-12ca23b0e284	FTT	Zoology	0	5.758223602999999	7.561474615	14.23218296
8d63edfd-d6c2-4ffb-a9a9-b2327d803ff4	FTT	Zoology	4500	8.63879816	11.27439397	23.69171763
09ea044e-3e59-4a14-86a0-a6722f66a913	FTT	Zoology	10500	14.95276665	20.82203422	76.51072347
